,ERM-__Physical_Endurance,Bluetooth_count_week,wifi_count_week,Bluetooth_mean_24h,wifi_mean_24h,screen_count_week,Screen_avg_time_week,screen_count_treshold_week,screen_count_mean_24,Screen_avg_time_24,screen_mean_treshold_24,Battery_count_threshold_week,Battery_count_week,Battery_avg_threshold_24h,Battery_avg_24h,Calls_count_incoming_week,Calls_count_outgoing_week,Calls_count_missing_week,calls_duration_mean_week,Calls_trace_incoming_week,Calls_trace_outgoing_week,Calls_trace_missing_week,Call_ratio_week,messages_count_incoming_week,messages_count_outgoing_week,messages_trace_outgoing_week,messages_trace_incoming_week,Calls_mean_incoming_24h,Calls_mean_outgoing_24h,Calls_mean_missing_24h,calls_duration_mean_24h,Calls_trace_mean_incoming_24h,Calls_trace_mean_outgoing_24h,Calls_trace_mean_missing_24h,Call_ratio_24h,messages_mean_incoming_24h,messages_mean_outgoing_24h,messages_trace_outgoing_24h,messages_trace_incoming_24h
0,-2.458877028255049,-0.4484488207960924,-0.0744494292132999,1.56891972212268,0.0493587812949403,-0.2653531710852901,-0.4956347130559853,-0.2310139306149763,1.6207355955709004,-0.5598257127920293,1.8242756460385725,-0.6120493057478213,-1.7387114784704876,-0.7848821209768412,-3.097611038188821,-0.5623970997950944,1.457153446322469,0.8305349851013621,0.7043210720087585,-0.1023016087054455,1.1594250658177685,1.6604603691470785,-2.159156818063942,-1.0043513234859744,-0.3436754563382799,-0.9707129586202872,-0.4185991993042174,0.4533458258378706,0.3438398638701033,3.0645766081257912,2.0917183229124383,0.5060191261388494,0.1554153589771834,2.6611544379395813,-2.6752925233160134,-0.7019367625551469,-0.3597928300987367,-0.4319946777664481,-0.4854355658100668
1,-2.458877028255049,-0.1520165494224042,-0.2403653000315112,1.56891972212268,1.1821053000678388,0.2796316187367679,-0.3770226145503262,0.8068417576651145,0.1584915975473034,-0.4393242928815492,0.6456386563111272,-0.3690984362906709,-1.0130855002966084,0.102651560401134,0.1160750427781074,2.403257465884953,1.0948969720175998,0.2429456078867929,0.021111447927914,1.832128810452068,0.6270621216895216,0.8646636945328102,0.9312554488443028,-0.218993897602205,-0.3436754563382799,0.3107924423227154,-0.4185991993042174,1.908033118812102,0.2190834532090123,2.142099134189229,0.5900392708203618,1.4728303281397934,-0.1803560735572663,1.8676259580427943,-0.0396540254706182,-0.6023607699006753,-0.3597928300987367,-0.4319946777664481,-0.4854355658100668
2,0.366793810844676,1.8241985930688505,-0.2403653000315112,-0.5459020401911593,1.2837620389320734,1.4620986168369214,-0.3085295405230695,-0.9229177228017036,0.55837757353263,-0.325957343000583,-1.127108035555355,0.3597541720807805,0.2930412604163744,0.9901852417791092,2.258532430089393,0.0966372481338049,0.0081275491029937,0.2429456078867929,0.2026757223590147,-0.1023016087054455,0.0946991775612747,0.0688670199185423,1.4982106886374624,3.565000972565047,0.8611194018363643,3.300971711189721,3.312913663064806,0.1805919584052022,2.4397475629764336,1.0878391639760154,0.6004164618708636,0.2374604589163646,2.740855389492446,0.8473750553183546,0.5484761967436593,2.643816590635098,0.6716500151460338,3.493200332139884,2.6808897972437484
3,0.366793810844676,-0.1520165494224042,-0.4800215578800387,-0.0171965996126994,-1.1169009480925414,-0.5753445194244424,-0.8006668167149121,-0.467717859520962,0.3438464705362101,-0.8333425029935059,0.8277045327730902,-0.6120493057478213,-1.8838366741052637,-0.7848821209768412,-2.0263823445331783,-0.2328799258306447,-0.4748810833034979,0.2429456078867929,-0.3044784069175426,0.2201034611541401,-0.4376637665669721,0.0688670199185423,0.5414737214865066,-1.147143582737569,-0.3436754563382799,-1.255491936607621,-0.4185991993042174,0.1805919584052022,0.7804873011839221,-0.0103483049960821,-0.9973877462306696,0.2374604589163646,0.7430153659124703,2.6611544379395813,-1.868575018485264,-1.398968711136448,-0.3597928300987367,-1.4132934302430311,-0.4854355658100668
4,-1.5169867485551407,-0.5472595779206552,-0.5906321384255129,-1.074607480769619,-1.2576564326737891,-0.9153350305060932,-1.18722098787987,-0.9320217200673184,-1.0360175839367618,-1.1681736528122475,-1.050448719150318,-0.6120493057478213,0.2930412604163744,-0.7848821209768412,0.1160750427781074,-1.2214314477239938,-1.320146190014858,-1.5198225237569143,2.137147436201065,-1.0695168182842023,-1.502389654823466,-1.5227263293099933,-0.0431988695501883,-0.1475977679764077,-0.3436754563382799,-0.1163760246582853,-0.4185991993042174,-1.1831773787581394,-2.276044760012809,-0.0103483049960821,1.896531826692434,-1.911008878863512,-2.194984668763964,-0.5129594816475657,0.1813033483525001,-0.1044808066283173,-0.3597928300987367,-0.1048950936075869,-0.4854355658100668
5,-0.5750964688552324,-0.1520165494224042,2.386635987923501,1.853607267049543,1.3228607846490863,0.0246387354255296,0.66068019568457,-0.0580379825682945,-0.4783687352863758,0.9619737327298068,-0.6258740436762665,-0.6120493057478213,0.2930412604163744,-0.7848821209768412,0.1160750427781074,0.0966372481338049,0.0081275491029937,0.2429456078867929,-0.6732097464948577,-0.1023016087054455,0.0946991775612747,0.0688670199185423,-1.980890765983552,3.565000972565047,1.6643159739527935,3.870529667164389,5.800588904644155,0.1805919584052022,0.3438398638701033,-0.0103483049960821,0.0098910655334393,0.2374604589163646,0.1554153589771834,-0.5129594816475657,-2.1447345710343653,2.2129241133302937,0.4997428742719053,2.3334836246675588,2.153168903401446
6,-0.1041513290052781,-0.4484488207960924,-0.2311477516527217,-1.074607480769619,-0.7697040861254636,-0.9003354491348441,-0.8895194036386161,-0.2310139306149763,-0.912447668610824,-0.9026447287691644,-0.1049838168215274,-0.6120493057478213,0.2930412604163744,-0.7848821209768412,0.1160750427781074,-1.2214314477239938,-1.1993940319132352,-1.5198225237569143,-1.6160779411912305,-1.0695168182842023,-1.2362081827593423,-1.5227263293099933,2.2954914945965914,-0.1475977679764077,-0.3436754563382799,-0.1163760246582853,-0.4185991993042174,-1.1831773787581394,-1.4027498853851714,-0.0103483049960821,-1.5969419307800363,-1.911008878863512,-1.0197846548933904,-0.5129594816475657,1.4141715379688669,-0.1044808066283173,-0.3597928300987367,-0.1048950936075869,-0.4854355658100668
7,-0.3396238989302552,-0.1520165494224042,-0.4984566546376177,-0.2286787758440833,1.1821053000678388,-0.2653531710852901,-0.6379685394112022,-0.2310139306149763,-0.222515641374338,-0.6549619884425336,-0.1049838168215274,1.088606780452232,0.2930412604163744,0.7683018214346155,0.1160750427781074,0.0966372481338049,0.0081275491029937,0.2429456078867929,-0.0563557187750633,-0.1023016087054455,0.0946991775612747,0.0688670199185423,1.4807837857749673,0.5663635282815643,-0.3436754563382799,1.0227398872910505,-0.4185991993042174,0.1805919584052022,0.3438398638701033,-0.0103483049960821,-0.1853324392806521,0.2374604589163646,0.1554153589771834,-0.5129594816475657,0.4714440545275062,0.1693531731714794,-0.3597928300987367,0.3039793865909891,-0.4854355658100668
8,-0.5750964688552324,-0.1520165494224042,1.6768847627567078,1.7955077680848772,1.1821053000678388,1.7895894767758649,-0.6280573598615911,1.6626175006329087,1.7134130320653538,-0.6869312639983276,1.5463856240703129,-0.6120493057478213,0.2930412604163744,2.131299974979363,0.1160750427781074,3.5565675747605265,0.0081275491029937,0.2429456078867929,0.3794657607163256,-0.1023016087054455,0.0946991775612747,0.0688670199185423,-1.2633851464963348,2.137078380049103,1.262717687894579,2.731413755215053,0.8252384214854571,1.8171151630012123,0.3438398638701033,-0.0103483049960821,0.5900392708203618,2.620918630515915,0.1554153589771834,-0.5129594816475657,-0.0752116962866168,2.086191031770057,1.0154642968942906,3.0025509559015924,1.6254480095591437
9,1.779629230394539,-0.1520165494224042,-0.2403653000315112,1.8626449668884908,1.7920457332532456,-0.2653531710852901,-0.9175891013127376,-0.2310139306149763,-0.222515641374338,-0.9062157120900338,-0.1049838168215274,-0.6120493057478213,0.2930412604163744,-0.7848821209768412,0.1160750427781074,0.0966372481338049,3.2684358178468127,3.180892493959639,0.8307529007673402,-0.1023016087054455,3.2888768423307555,2.456257043761346,0.8008397581118072,1.0661364356621448,0.0579228297199348,1.1651293762847172,0.8252384214854571,1.7261972071903229,1.8721058944684688,-0.0103483049960821,0.908017714624977,0.2374604589163646,1.477515374581579,0.5450784915481497,0.9616353933342736,0.7792561281801178,0.3278357333977769,0.9172911068888536,1.6254480095591437
10,0.6022663807696531,0.144415721951284,-0.5076742030164072,0.3352736941062739,-0.0377755663029751,-0.4203488452548663,0.3079984104091927,-0.4768218567865768,-0.390708026123531,1.287191943392348,-0.2071962386949102,-0.3690984362906709,-1.30333589156616,0.102651560401134,-2.0263823445331783,-0.5623970997950944,-0.1126246089986291,-0.3446437693277762,0.5080529080245504,-0.1023016087054455,-0.1714822945028487,0.0688670199185423,-0.7221734913992538,-0.9329551938601772,0.4595211157781495,-0.8283234696266202,0.8252384214854571,0.4533458258378706,2.0904296131253783,-1.5478107615570182,0.5900392708203618,0.5060191261388494,1.3306153728477572,-0.5129594816475657,-1.223962967399726,-0.3534207882644963,1.0154642968942906,0.0586546984718434,1.6254480095591437
11,0.6022663807696531,-0.7448810921697806,-0.0652318808345104,1.1912729788523515,-0.6477159994883821,1.0596098500417317,-0.9815626945724156,0.5246178424310547,0.9616960471658992,-0.7235629797106379,0.3485838052416085,-0.6120493057478213,0.2930412604163744,-0.7848821209768412,0.1160750427781074,0.0966372481338049,0.0081275491029937,0.2429456078867929,-0.981324324463343,-0.1023016087054455,0.0946991775612747,0.0688670199185423,0.3606037832521333,0.4235712690299699,-0.3436754563382799,-0.1163760246582853,-0.4185991993042174,0.1805919584052022,0.3438398638701033,-0.0103483049960821,-0.9623396146251414,0.2374604589163646,0.1554153589771834,-0.5129594816475657,-0.4985623327629481,0.6921271346074551,-0.3597928300987367,0.2222044905512737,-0.4854355658100668
12,0.6022663807696531,-0.1520165494224042,1.4740986984233386,1.04021428154422,1.1821053000678388,0.4621265254203011,-0.793131075206265,-0.5314458403802658,0.1882399104961403,-0.916279139702414,-0.762976282631429,1.574508519366533,0.2930412604163744,0.8126785055035143,3.0619539503311253,1.414705943991604,0.0081275491029937,0.2429456078867929,-0.488615019058246,2.1545338803116536,0.0946991775612747,0.8646636945328102,-0.8888860101568369,0.137986750526781,-0.3436754563382799,0.0260134643353815,-0.4185991993042174,0.8170176490814286,0.3438398638701033,0.7583829232843864,-0.5266448503796672,1.3116951278063034,2.6737011029855564,1.0740974781460078,-1.677566729439994,0.2274391688865879,-0.3597928300987367,-0.2684448856870177,-0.4854355658100668
13,1.0732115206196071,-0.1520165494224042,-0.3694109773345644,-0.2286787758440833,-0.0377755663029751,0.0921368515961515,0.4141977479895484,0.0147939955566241,-0.150433190767541,0.6884144629271249,-0.3008909587455111,-0.1261475668335204,0.8735420429554779,0.102651560401134,-0.6873464774636246,0.7556715960627044,0.8533926558143541,0.2429456078867929,0.5080529080245504,1.5097237405924826,0.8932435937536449,1.6604603691470785,-0.5509408565031079,0.137986750526781,0.8611194018363643,0.3107924423227154,2.0690760422751318,0.0896740025943126,-0.0304293681131696,-0.0103483049960821,0.5900392708203618,0.1031811253051223,-0.1803560735572663,1.6031164647438658,0.5239929912316947,-0.1044808066283173,0.6716500151460338,-0.1516236056302816,1.6254480095591437
14,0.366793810844676,-0.7448810921697806,-0.6735900738346186,-0.0171965996126994,0.4366225483967857,-0.7028409610800616,1.4100141447451573,-0.57696582670834,-0.7188548012668549,-0.325957343000583,0.3677486343428678,-0.1261475668335204,-1.7387114784704876,0.102651560401134,-3.097611038188821,-1.2214314477239938,-0.9578897157099896,-0.9322331465423456,-0.9768333799023036,-1.0695168182842023,-0.7038452386310956,-0.7269296546957255,-1.7972166426602736,-0.9329551938601772,-0.3436754563382799,-0.8283234696266202,-0.4185991993042174,-1.1831773787581394,-0.9661024480713528,-1.5478107615570182,-1.158517933328312,-1.911008878863512,-0.4321846479581035,-0.5129594816475657,-2.26250460525976,-0.9342807454155804,-0.3597928300987367,-0.759094261925309,-0.4854355658100668
15,-0.3396238989302552,0.8360910218232231,1.0685265697566,-0.2286787758440833,-0.4444025217599133,-0.7778388679363081,-0.3085295405230695,-0.6133818157707993,-0.946772645090251,-0.325957343000583,-0.8492180135870957,-0.3690984362906709,-2.02896186974004,0.102651560401134,0.1160750427781074,-1.3861900347062186,-1.0786418738116124,-1.5198225237569143,-2.0571940712034724,-1.391921888143788,-1.2362081827593423,-1.5227263293099933,-0.0431988695501883,-1.218539712363366,-0.3436754563382799,-1.397881425601288,-0.4185991993042174,-2.2741928484888128,-1.4027498853851714,-0.0103483049960821,-2.007529483949112,0.2374604589163646,-1.0197846548933904,-0.5129594816475657,0.1813033483525001,-1.398968711136448,-0.3597928300987367,-1.4132934302430311,-0.4854355658100668
16,-0.1041513290052781,1.0337125360723487,-0.2403653000315112,1.1723906416888352,1.3040933867049205,-0.4653475893686142,-1.1540677081126078,-0.8136697556143256,-0.4524929837865,-1.146919564662029,-1.0121190609477997,1.574508519366533,0.728416847320702,0.8126785055035143,0.8302275052152029,0.7556715960627044,-0.7163853995067436,-0.3446437693277762,-1.0536756436050012,0.2201034611541401,-0.7038452386310956,0.0688670199185423,-0.0431988695501883,-0.5045784161053939,-0.3436754563382799,-0.1163760246582853,-0.4185991993042174,0.562447372810938,-0.8205533023000798,3.0645766081257912,-1.201478845671201,0.5060191261388494,-0.6280513169365326,2.6611544379395813,0.1813033483525001,-0.5625303728388865,-0.3597928300987367,-0.2357349272711313,-0.4854355658100668
17,-0.1041513290052781,-0.4484488207960924,-0.0099265905617733,-1.074607480769619,-0.6477159994883821,0.9396131990717372,0.4235379334114811,1.2347296291490115,0.6253112776675129,0.8567579917139677,0.8404810855072632,3.032213736109436,0.2930412604163744,1.433952082468097,0.1160750427781074,0.0966372481338049,1.215649130119223,2.5933031167450697,-0.0365332903338356,1.5097237405924826,1.6917880099460152,3.2520537183756137,-1.3587121993827525,2.708247417055481,3.672307404243868,1.592297843265718,2.0690760422751318,-0.3103650029736007,0.7804873011839221,0.297144186316105,-0.1607760952121973,0.0226135251383772,0.5471486969340416,0.1218633022698636,-0.2600292058227394,3.480254928932659,3.078349987383832,1.951159435390968,2.6808897972437484
18,1.5441566604695616,2.1206308644425387,-0.2403653000315112,1.04021428154422,-0.6477159994883821,-0.3128518454275796,-0.3941285328602915,-0.1763899470212873,0.1739378369630456,-0.4571962515258524,0.4252431216466456,0.8456559109950814,-1.0130855002966084,-0.7848821209768412,0.1160750427781074,1.085188770027154,0.2496318653062395,0.8305349851013621,0.5158053409018323,1.1873186707328969,0.3608806496253981,1.6604603691470785,1.4129668288808257,-1.0043513234859744,-0.3436754563382799,-0.9707129586202872,-0.4185991993042174,1.8171151630012123,0.5621635825270127,3.0645766081257912,0.1866714139727962,1.7145331286400298,0.1554153589771834,2.6611544379395813,1.025889687205475,-1.1666247282760145,-0.3597928300987367,-1.0861938460841702,-0.4854355658100668
19,0.6022663807696531,-0.1520165494224042,-0.5445443965315653,-0.2286787758440833,1.114334140825016,-0.2653531710852901,1.3405707429047886,-0.2310139306149763,-0.222515641374338,1.4459084295230933,-0.1049838168215274,-0.6120493057478213,0.2930412604163744,-0.7848821209768412,0.1160750427781074,0.0966372481338049,0.0081275491029937,0.2429456078867929,0.5080529080245504,-0.1023016087054455,0.0946991775612747,0.0688670199185423,-0.0431988695501883,-0.1475977679764077,-0.3436754563382799,-0.1163760246582853,-0.4185991993042174,0.1805919584052022,0.3438398638701033,-0.0103483049960821,0.5900392708203618,0.2374604589163646,0.1554153589771834,-0.5129594816475657,0.1813033483525001,-0.1044808066283173,-0.3597928300987367,-0.1048950936075869,-0.4854355658100668
20,-1.2815141786301636,-0.7448810921697806,-0.2403653000315112,0.2471561206765304,-0.0377755663029751,-0.2203544269715422,1.5289612641160213,-0.5314458403802658,-0.5005479508576981,2.9573671865958224,-0.4985016410340512,-0.3690984362906709,-1.7387114784704876,0.102651560401134,0.1160750427781074,-0.8919142737595441,-0.7163853995067436,-0.9322331465423456,-1.408603829193947,-0.7471117484246167,-0.970026710695219,-0.7269296546957255,-0.2624510911889491,-1.0043513234859744,-0.3436754563382799,-1.1131024476139542,-0.4185991993042174,0.9988535607032072,-0.8205533023000798,-1.5478107615570182,-1.5227114126929715,0.5060191261388494,-1.0197846548933904,-0.5129594816475657,-2.5251243297760904,-1.398968711136448,-0.3597928300987367,-1.4132934302430311,-0.4854355658100668
21,1.3086840905445845,-0.7448810921697806,-0.7288953641073556,-0.5459020401911593,-1.664283388130727,1.4295995238658814,0.1596346067088964,1.762761470554672,1.073824303665361,0.002837765876003,1.3345077912286134,-0.6120493057478213,0.2930412604163744,0.8915703882926674,-2.2644331653455434,0.0966372481338049,-0.1126246089986291,0.8305349851013621,-1.5224243828121815,0.2201034611541401,-0.1714822945028487,1.6604603691470785,0.2990485008127549,-0.1475977679764077,-0.3436754563382799,0.3107924423227154,-0.4185991993042174,-0.3103650029736007,-0.8205533023000798,-0.0103483049960821,-1.5437307685798702,-0.4607920758620948,-0.6280513169365326,0.5450784915481497,0.7795072037210686,-0.5027847772462039,-0.3597928300987367,-0.5721802138345313,-0.4854355658100668
22,-0.8105690387802095,-0.1520165494224042,-0.2588003967890903,1.8332724424119096,0.7246499751787835,0.6271219205040435,-0.2062827504691883,0.9798177057117964,0.5163294773453316,-0.2172555743258605,0.8277045327730902,-0.6120493057478213,0.2930412604163744,-0.7848821209768412,0.1160750427781074,2.403257465884953,0.9741448139159772,0.2429456078867929,-0.4426164686162915,3.1217490898904106,1.4256065378818918,0.8646636945328102,2.211966838734207,0.6377596579073616,-0.3436754563382799,0.5955714203100494,-0.4185991993042174,1.3105722663405424,0.0943270425479213,-1.5478107615570182,-0.5998101984048956,1.1965985561395236,0.3233010752444081,-0.5129594816475657,1.463625901676488,1.0406431088981056,-0.3597928300987367,0.8764036588689961,-0.4854355658100668
23,2.015101800319516,-0.0532057922978414,-0.129754719486037,-0.0171965996126994,0.1147095419933765,0.2521323862228108,-0.2514088904283423,0.5337218396966695,0.3026564987608975,-0.2714215854421437,0.581299587185471,2.5463119971951347,0.2930412604163744,2.0996023435015783,-0.2410011884404398,0.0966372481338049,0.0081275491029937,0.2429456078867929,0.5080529080245504,-0.1023016087054455,0.0946991775612747,0.0688670199185423,-0.0431988695501883,-0.5759745457311911,-0.3436754563382799,-0.1163760246582853,-0.4185991993042174,0.1805919584052022,0.3438398638701033,-0.0103483049960821,0.5900392708203618,0.2374604589163646,0.1554153589771834,-0.5129594816475657,0.1813033483525001,-0.9342807454155804,-0.3597928300987367,-0.759094261925309,-0.4854355658100668
24,0.8377389506946302,-0.1520165494224042,-0.2403653000315112,1.627664771075842,1.2498764593106615,0.9496129199859036,-0.7300366090422596,0.2241859326657652,0.6344646047286935,-0.7834933697060259,-0.1049838168215274,-0.1261475668335204,2.034543608033685,0.102651560401134,0.5921766844028378,1.414705943991604,0.3703840234078625,0.8305349851013621,0.252575845213827,1.5097237405924826,1.9579694820101388,1.6604603691470785,1.680046661926386,0.137986750526781,-0.3436754563382799,-0.2587655136519523,-0.4185991993042174,0.044215024688868,0.1691808889445757,-0.0103483049960821,-0.246845386775424,-0.400366375737036,1.095575370073642,0.5450784915481497,0.1813033483525001,-0.1044808066283173,-0.3597928300987367,-0.9927368220387812,-0.4854355658100668
25,-1.5169867485551407,-0.1520165494224042,2.8475134068629764,1.510174673169518,-0.6477159994883821,1.2096056637542247,-0.4771921569408405,2.072297377585576,0.8724511083193885,-0.5253516804867042,1.6241096532031976,3.032213736109436,0.728416847320702,1.1169757676902483,-0.1899902982663618,0.9204301830449292,2.543922869237075,0.2429456078867929,0.9031925139265844,0.2201034611541401,2.490332426138385,0.0688670199185423,-1.452409729997607,-0.0762016383506105,-0.3436754563382799,0.1684029533290485,-0.4185991993042174,1.544361295568544,1.217134738497741,-0.0103483049960821,-0.2983558042372056,0.5060191261388494,0.5961153641786486,-0.5129594816475657,-2.116521860665929,-0.6148077689824842,-0.3597928300987367,-0.3093323337068752,-0.4854355658100668
26,1.0732115206196071,-0.1520165494224042,1.2620950857111797,1.886142986469756,0.1655379114254936,0.5296246415909229,-0.2626732425237027,0.8705697385244183,0.1173016257719908,-0.3596212644307607,0.3294189761403492,-0.6120493057478213,2.4699191949380124,-0.7848821209768412,0.5445665202403649,0.0966372481338049,0.0081275491029937,0.2429456078867929,-0.1851020838791488,1.832128810452068,3.022695370266632,0.0688670199185423,-0.5585974569095498,0.780551917158956,0.4595211157781495,1.1651293762847172,2.0690760422751318,2.0898690304338805,2.5755934323629543,-0.0103483049960821,0.1051355097191506,1.580253795028788,1.2000375935288046,-0.5129594816475657,0.1813033483525001,0.4307401538894673,0.3278357333977769,0.9172911068888536,1.6254480095591437
27,-1.0460416087051865,1.7253878359442876,1.8612357303324985,1.275194477356869,0.5721648668824317,1.367101268152343,-0.2846335407795994,1.526057541648686,1.0166160095329826,-0.2526209185054104,1.1130475438362837,0.8456559109950814,0.2930412604163744,0.5464184010901217,-1.1081863213997705,0.5909130090804795,2.0609142368305835,0.2429456078867929,0.5102513363593049,1.1873186707328969,0.3608806496253981,0.8646636945328102,-0.8177002239104859,2.065682250423306,0.0579228297199348,2.8738032442087205,0.8252384214854571,0.3442442788648031,1.7993313215828326,-1.5478107615570182,-0.1936500706237086,0.5060191261388494,0.7430153659124703,-0.5129594816475657,-1.7496063086949714,1.9990620381973945,0.3278357333977769,2.7572262677824466,1.6254480095591437
28,-0.3396238989302552,0.5396587504495349,0.2758174091807016,0.0885444885029926,-0.3150212177508872,-0.182855473543419,0.3532465612753841,0.2788099162594542,-0.4696554720262136,0.3316624900588905,-0.1688665804923917,-0.6120493057478213,-1.5935862828357117,-0.7848821209768412,0.1160750427781074,-0.8919142737595441,-0.8371375576083666,0.2429456078867929,0.0736211330929503,-0.4247066785650311,-0.970026710695219,0.8646636945328102,-0.9202077561052312,-0.2903900272280022,-0.3436754563382799,0.0260134643353815,-0.4185991993042174,-1.1831773787581394,-0.5294550107575341,0.7583829232843864,0.6828628559689305,-1.911008878863512,-1.0197846548933904,1.0740974781460078,2.914855678062184,-0.1443112036901061,-0.3597928300987367,-0.0394751767758149,-0.4854355658100668
29,0.6022663807696531,-0.1520165494224042,1.5847092789688129,0.5115088409657603,0.8771350834751352,-0.2578533803996655,-0.2925099474412487,0.0603139818846982,-0.1675956790072546,-0.3906668081762296,0.4980694722314308,-0.6120493057478213,-0.4325847177575048,-0.7848821209768412,-1.169399389608664,-0.5623970997950944,0.0081275491029937,-0.3446437693277762,-1.907663179673899,-0.4247066785650311,0.0946991775612747,0.0688670199185423,-0.8936317292399267,-0.1475977679764077,-0.3436754563382799,0.0260134643353815,-0.4185991993042174,0.4533458258378706,0.9260364469551948,-1.5478107615570182,-1.9544662620353117,0.5060191261388494,0.5471486969340416,-0.5129594816475657,-1.6997480527247657,0.1345015757424144,-0.3597928300987367,-0.0394751767758149,-0.4854355658100668
30,-1.2815141786301636,-0.7448810921697806,-0.2403653000315112,-0.0171965996126994,0.1147095419933765,-0.505346473025279,-0.2747647482769463,-0.3493658950679691,-0.222515641374338,-0.3686477717655684,0.0611113687227195,-0.3690984362906709,-1.1582106959313845,0.102651560401134,-2.561996691361,0.5909130090804795,-0.3541289252018749,0.2429456078867929,1.9883641991291396,-0.1023016087054455,-0.970026710695219,0.0688670199185423,2.1374718753974853,-0.7187668049827854,0.8611194018363643,-0.5435444916392862,0.8252384214854571,0.1805919584052022,0.0527415723275574,-0.0103483049960821,0.5167914026132087,1.7145331286400298,-0.6280513169365326,2.6611544379395813,0.4822950961367263,-0.2372487968342796,1.7030928603908042,-0.1048950936075869,1.6254480095591437
31,-1.2815141786301636,-0.1520165494224042,-0.2403653000315112,1.30456700183345,1.1821053000678388,0.8546155713013245,0.1942521589294149,1.225625631883397,0.7505974418174219,0.1224842005146037,1.0864297256400903,2.303361127737984,0.4381664560511503,1.3451987143302993,-0.8021209803553003,-0.8919142737595441,-0.3541289252018749,-0.9322331465423456,-1.4407189865792762,-0.7471117484246167,0.3608806496253981,-0.7269296546957255,-1.15939199789297,-0.9329551938601772,-0.3436754563382799,-0.8283234696266202,-0.4185991993042174,-0.6376696438928028,0.3438398638701033,-1.5478107615570182,-1.7564215594827135,-1.911008878863512,0.1554153589771834,-0.5129594816475657,0.1813033483525001,-1.398968711136448,-0.3597928300987367,-1.4132934302430311,-0.4854355658100668
32,0.366793810844676,-0.7448810921697806,-0.5076742030164072,-1.074607480769619,-0.241089044031444,-0.895335588677761,-0.8693921245504198,-0.9229177228017036,-0.8712576968355114,-0.884692608111746,-0.973789402745281,-0.6120493057478213,-1.8838366741052637,-0.7848821209768412,-2.0263823445331783,0.0966372481338049,0.0081275491029937,0.2429456078867929,0.5080529080245504,-0.1023016087054455,0.0946991775612747,0.0688670199185423,-0.0431988695501883,-0.1475977679764077,-0.3436754563382799,-0.1163760246582853,-0.4185991993042174,0.1805919584052022,0.3438398638701033,-0.0103483049960821,0.5900392708203618,0.2374604589163646,0.1554153589771834,-0.5129594816475657,0.1813033483525001,-0.1044808066283173,-0.3597928300987367,-0.1048950936075869,-0.4854355658100668
33,1.0732115206196071,-0.1520165494224042,-0.5445443965315653,1.9654488025565249,-0.1249099139008907,-0.2653531710852901,1.3405707429047886,-0.2310139306149763,-0.222515641374338,1.4459084295230933,-0.1049838168215274,-0.6120493057478213,0.2930412604163744,-0.7848821209768412,0.1160750427781074,0.0966372481338049,0.0081275491029937,0.2429456078867929,0.5080529080245504,-0.1023016087054455,0.0946991775612747,0.0688670199185423,-0.0431988695501883,-0.1475977679764077,-0.3436754563382799,-0.1163760246582853,-0.4185991993042174,0.1805919584052022,0.3438398638701033,-0.0103483049960821,0.5900392708203618,0.2374604589163646,0.1554153589771834,-0.5129594816475657,0.1813033483525001,-0.1044808066283173,-0.3597928300987367,-0.1048950936075869,-0.4854355658100668
34,-1.5169867485551407,0.8360910218232231,-0.7288953641073556,0.2471561206765304,-1.05434295494532,-0.7353400540511017,1.1370461628791595,-0.6406938075676438,-0.6962003167904328,0.4869331698762446,-0.5521631625175771,-0.1261475668335204,-0.7228351090270566,0.9901852417791092,0.8302275052152029,-1.2214314477239938,-1.1993940319132352,-1.5198225237569143,-1.0104778304964577,-1.0695168182842023,-1.2362081827593423,-1.5227263293099933,2.2954914945965914,-1.147143582737569,-0.3436754563382799,-1.255491936607621,-0.4185991993042174,-1.1831773787581394,-1.4027498853851714,-0.0103483049960821,-1.0332539340563909,-1.911008878863512,-1.0197846548933904,-0.5129594816475657,0.1813033483525001,-1.398968711136448,-0.3597928300987367,-1.4132934302430311,-0.4854355658100668
35,0.366793810844676,-0.7448810921697806,0.3034700543170702,-1.074607480769619,-1.867596865859196,-0.895335588677761,-0.7020503801544168,-0.8956057310048591,-0.8712576968355114,-0.7354355141321771,-0.7438114535301698,-0.6120493057478213,0.2930412604163744,-0.7848821209768412,0.1160750427781074,-1.3861900347062186,-1.1993940319132352,-1.5198225237569143,-1.6609372086501026,-1.391921888143788,-1.2362081827593423,-1.5227263293099933,-0.0431988695501883,-0.1475977679764077,-0.3436754563382799,-0.1163760246582853,-0.4185991993042174,-2.2741928484888128,-1.4027498853851714,-0.0103483049960821,-1.6386965972040102,0.2374604589163646,-1.0197846548933904,-0.5129594816475657,0.1813033483525001,-0.1044808066283173,-0.3597928300987367,-0.1048950936075869,-0.4854355658100668
36,1.3086840905445845,-0.2508273065469669,-0.0836669775920894,-0.5459020401911593,-0.0377755663029751,-0.9103351700490104,-0.3085593349386117,-0.9320217200673184,-1.0360175839367618,-0.5743991285562137,-1.127108035555355,-0.6120493057478213,0.2930412604163744,-0.7848821209768412,0.1160750427781074,0.0966372481338049,0.0081275491029937,0.2429456078867929,0.5080529080245504,-0.1023016087054455,0.0946991775612747,0.0688670199185423,-0.0431988695501883,-0.1475977679764077,-0.3436754563382799,-0.1163760246582853,-0.4185991993042174,0.1805919584052022,0.3438398638701033,-0.0103483049960821,0.5900392708203618,0.2374604589163646,0.1554153589771834,-0.5129594816475657,0.1813033483525001,-0.1044808066283173,-0.3597928300987367,-0.1048950936075869,-0.4854355658100668
37,-0.1041513290052781,-0.1520165494224042,-0.7288953641073556,0.6172499290814524,0.2062006069711878,-0.2928524035992472,-0.7688358554443244,-0.7863577638174811,-0.5602734099319012,-0.9250506026478676,-1.006643395490297,-0.6120493057478213,-1.0130855002966084,-0.7848821209768412,0.1160750427781074,0.5909130090804795,-0.5956332414051208,-0.9322331465423456,-0.2171333782145539,0.2201034611541401,-0.4376637665669721,-0.7269296546957255,-0.0431988695501883,0.2807790097783755,3.270709118185653,0.5955714203100494,2.0690760422751318,0.3442442788648031,-0.9661024480713528,-1.5478107615570182,-0.3767004662675739,-0.4607920758620948,-0.725984651425747,-0.5129594816475657,0.1813033483525001,-0.1791628011191711,1.7030928603908042,-0.0640076455877294,1.6254480095591437
38,-0.3396238989302552,2.2194416215671016,3.465089148241874,0.2849207950035631,0.5721648668824317,1.5145971516362942,-0.1478036253264574,2.709577186178614,1.1516275836853962,-0.2502070848151587,2.2203487807979303,-0.6120493057478213,0.2930412604163744,1.2437662936013878,0.1160750427781074,1.5794645309738289,0.0081275491029937,0.2429456078867929,0.271870153798288,2.1545338803116536,2.490332426138385,0.0688670199185423,-0.8058152926415296,0.9233441764105504,-0.3436754563382799,0.0260134643353815,-0.4185991993042174,0.5312755022472047,0.3438398638701033,0.7583829232843864,-0.1920078676938065,0.8513088411391865,1.834272521649432,-0.5129594816475657,-0.4182074418424607,0.99085511257087,-0.3597928300987367,0.2689330025739684,-0.4854355658100668
39,-1.2815141786301636,-0.7448810921697806,-0.7288953641073556,-1.074607480769619,0.0842125203341063,0.08963692136761,-0.557926274400162,1.0981696701647892,0.1114173440898033,-0.3482494596136068,1.2602821039158,-0.6120493057478213,0.2930412604163744,-0.7848821209768412,0.1160750427781074,-0.5623970997950944,-0.7163853995067436,-0.9322331465423456,0.5080529080245504,-0.4247066785650311,-0.4376637665669721,-0.7269296546957255,1.3210371762021005,-0.9329551938601772,-0.3436754563382799,-0.9707129586202872,-0.4185991993042174,-0.4558337322710238,-0.8205533023000798,-1.5478107615570182,2.296680713255516,-1.1053328771960582,-0.2363179789796744,-0.5129594816475657,0.938954893605983,-0.9342807454155804,-0.3597928300987367,-1.0861938460841702,-0.4854355658100668
40,0.6022663807696531,0.8360910218232231,-0.4708040095012492,-0.5459020401911593,-0.1902606745993269,-0.7778388679363081,-1.145838627820892,-0.4950298513178064,-0.8815551897793396,-1.11394071485318,-0.4371741879100215,-0.6120493057478213,0.2930412604163744,-0.7848821209768412,0.1160750427781074,0.0966372481338049,0.0081275491029937,0.2429456078867929,0.5080529080245504,-0.1023016087054455,0.0946991775612747,0.0688670199185423,-0.0431988695501883,-0.1475977679764077,-0.3436754563382799,-0.1163760246582853,-0.4185991993042174,0.1805919584052022,0.3438398638701033,-0.0103483049960821,0.5900392708203618,0.2374604589163646,0.1554153589771834,-0.5129594816475657,0.1813033483525001,-0.1044808066283173,-0.3597928300987367,-0.1048950936075869,-0.4854355658100668
41,-0.1041513290052781,-0.7448810921697806,-0.2495828484103007,-1.074607480769619,-1.867596865859196,-0.9153350305060932,-0.8193007328326651,-0.2310139306149763,-1.0360175839367618,-0.8400146015081357,-0.1049838168215274,-0.6120493057478213,0.2930412604163744,-0.7848821209768412,0.1160750427781074,0.0966372481338049,0.0081275491029937,0.2429456078867929,0.5080529080245504,-0.1023016087054455,0.0946991775612747,0.0688670199185423,-0.0431988695501883,-0.1475977679764077,-0.3436754563382799,-0.1163760246582853,-0.4185991993042174,0.1805919584052022,0.3438398638701033,-0.0103483049960821,0.5900392708203618,0.2374604589163646,0.1554153589771834,-0.5129594816475657,0.1813033483525001,-0.1044808066283173,-0.3597928300987367,-0.1048950936075869,-0.4854355658100668
42,0.1313212409196989,-0.1520165494224042,3.400566309590348,1.8626449668884908,1.5209610962819535,2.772062056592694,-0.5556478343215071,-0.2310139306149763,2.302658461628853,-0.2828346717450263,-0.1049838168215274,-0.6120493057478213,0.0027908691468227,-0.7848821209768412,-2.740534806970273,0.0966372481338049,0.0081275491029937,0.2429456078867929,-1.1437362426536952,-0.1023016087054455,0.0946991775612747,0.0688670199185423,1.2654983290397193,1.9942861207975089,2.0659142600110085,1.592297843265718,0.8252384214854571,0.1805919584052022,0.3438398638701033,-0.0103483049960821,-0.6703880783144133,0.2374604589163646,2.6737011029855564,2.132135451341723,0.6409158290934402,1.466607077475567,3.7659785508803454,1.203503243027857,1.6254480095591437
43,0.6022663807696531,0.5396587504495349,-0.64593742869825,-1.074607480769619,-1.867596865859196,-0.2653531710852901,1.3405707429047886,-0.2310139306149763,-0.222515641374338,1.4459084295230933,-0.1049838168215274,-0.6120493057478213,0.2930412604163744,-0.7848821209768412,0.1160750427781074,0.0966372481338049,0.0081275491029937,0.2429456078867929,0.5080529080245504,-0.1023016087054455,0.0946991775612747,0.0688670199185423,-0.0431988695501883,-0.1475977679764077,-0.3436754563382799,-0.1163760246582853,-0.4185991993042174,0.1805919584052022,0.3438398638701033,-0.0103483049960821,0.5900392708203618,0.2374604589163646,0.1554153589771834,-0.5129594816475657,0.1813033483525001,-0.1044808066283173,-0.3597928300987367,-0.1048950936075869,-0.4854355658100668
44,0.366793810844676,-0.6460703350452179,-0.7104602673497765,-0.8102547604803891,0.8771350834751352,-0.8278374725071391,2.03595212697739,-0.8591897419423997,-0.8867039362512537,1.3593051785032335,-1.0121190609477997,-0.6120493057478213,0.2930412604163744,-0.7848821209768412,0.1160750427781074,-1.2214314477239938,-1.320146190014858,-1.5198225237569143,-2.034764437474037,-1.0695168182842023,-1.502389654823466,-1.5227263293099933,-0.0431988695501883,-1.147143582737569,-0.3436754563382799,-1.397881425601288,-0.4185991993042174,-1.1831773787581394,-2.276044760012809,-0.0103483049960821,-1.9866521507371249,-1.911008878863512,-2.194984668763964,-0.5129594816475657,0.1813033483525001,-0.7019367625551469,-0.3597928300987367,-1.4132934302430311,-0.4854355658100668
45,-1.0460416087051865,-0.7448810921697806,-0.2403653000315112,0.5115088409657603,0.7464335620782623,-0.4878469614254882,0.5350899877912284,-0.4495098649897323,-0.1864744160709395,0.5686725020610094,-0.1497017513911324,0.8456559109950814,-1.30333589156616,0.9901852417791092,-2.0263823445331783,-1.2214314477239938,0.2496318653062395,0.2429456078867929,-1.747451510177927,-1.0695168182842023,0.3608806496253981,0.8646636945328102,-3.0640072565731127,-0.7901629346085827,-0.3436754563382799,-0.5435444916392862,-0.4185991993042174,-1.1831773787581394,1.5082330300402862,-1.5478107615570182,-1.6061102834604326,-1.911008878863512,0.938882034890899,-0.5129594816475657,0.1813033483525001,-1.1201559317039276,-0.3597928300987367,-1.020773929252398,-0.4854355658100668
46,-0.8105690387802095,-0.5472595779206552,-0.111319622728458,-1.074607480769619,-1.867596865859196,-0.9028353793633856,1.4083878260443958,-0.9411257173329332,-1.0051251051052774,1.1469272807438422,-1.127108035555355,-0.6120493057478213,0.2930412604163744,-0.7848821209768412,0.1160750427781074,-1.3861900347062186,-1.1993940319132352,-1.5198225237569143,-1.8702804567915052,-1.391921888143788,-1.2362081827593423,-1.5227263293099933,-0.0431988695501883,-1.0757474531117714,-0.3436754563382799,-1.255491936607621,-0.4185991993042174,-2.2741928484888128,-1.4027498853851714,-0.0103483049960821,-1.8335517071825544,0.2374604589163646,-1.0197846548933904,-0.5129594816475657,0.1813033483525001,-0.0049048139738458,-0.3597928300987367,-0.4319946777664481,-0.4854355658100668
47,-1.2815141786301636,-0.6460703350452179,0.4325157316201234,1.04021428154422,0.5721648668824317,0.0146390145113634,-0.4821412418847492,0.23328992993138,0.4632973886846165,-0.5151846720340182,0.7893748745705716,1.088606780452232,0.728416847320702,1.2860298022384344,2.258532430089393,-0.3976385128128695,0.2496318653062395,-1.5198225237569143,1.1321424441838783,-0.1023016087054455,0.0946991775612747,-1.5227263293099933,-0.2624510911889491,-1.0043513234859744,-0.3436754563382799,-0.9707129586202872,-0.4185991993042174,0.9988535607032072,0.5621635825270127,-0.0103483049960821,0.915645121282584,1.7145331286400298,0.4492153624448268,-0.5129594816475657,-2.167006523617458,-1.1666247282760145,-0.3597928300987367,-1.0861938460841702,-0.4854355658100668
48,1.0732115206196071,-0.7448810921697806,-0.2403653000315112,-1.074607480769619,1.4260814733420015,1.5520961050644173,1.3405707429047886,-0.2310139306149763,0.9596365485771337,1.4459084295230933,-0.1049838168215274,0.11680330262363,0.2930412604163744,0.102651560401134,1.6157952138960077,2.0737402919205032,2.0609142368305835,0.2429456078867929,1.8997290002622724,1.5097237405924826,2.756513898202509,0.0688670199185423,-0.1087696274234628,0.5663635282815643,-0.3436754563382799,-0.1163760246582853,-0.4185991993042174,0.0169396379456013,0.4408726277176186,0.4289266825927573,1.5299026584530415,0.0226135251383772,0.6777264762529942,0.8473750553183546,-0.1473956209659551,0.4929751492985121,-0.3597928300987367,0.2689330025739684,-0.4854355658100668
49,1.0732115206196071,-0.7448810921697806,-0.6090672351830919,-1.074607480769619,-1.867596865859196,-0.8453369841069299,-0.419585549690514,-0.8865017337392442,-0.7682827673972299,-0.4834967053272136,-0.6671521371251327,-0.1261475668335204,-1.7387114784704876,0.9901852417791092,0.1160750427781074,0.0966372481338049,0.0081275491029937,0.2429456078867929,0.5080529080245504,-0.1023016087054455,0.0946991775612747,0.0688670199185423,-0.0431988695501883,-0.1475977679764077,-0.3436754563382799,-0.1163760246582853,-0.4185991993042174,0.1805919584052022,0.3438398638701033,-0.0103483049960821,0.5900392708203618,0.2374604589163646,0.1554153589771834,-0.5129594816475657,0.1813033483525001,-0.1044808066283173,-0.3597928300987367,-0.1048950936075869,-0.4854355658100668
50,0.6022663807696531,-0.1520165494224042,-0.6828076222134081,-1.074607480769619,-0.4037398262142191,-0.8978355189063025,-1.0875584553269264,-0.8773977364736294,-0.984530119217621,-0.9125326809144928,-0.5904928207200956,-0.6120493057478213,0.2930412604163744,-0.7848821209768412,0.1160750427781074,0.0966372481338049,0.0081275491029937,0.2429456078867929,0.5080529080245504,-0.1023016087054455,0.0946991775612747,0.0688670199185423,-0.0431988695501883,-0.1475977679764077,-0.3436754563382799,-0.1163760246582853,-0.4185991993042174,0.1805919584052022,0.3438398638701033,-0.0103483049960821,0.5900392708203618,0.2374604589163646,0.1554153589771834,-0.5129594816475657,0.1813033483525001,-0.1044808066283173,-0.3597928300987367,-0.1048950936075869,-0.4854355658100668
51,-0.8105690387802095,0.3420372362004095,-0.4800215578800387,-0.7221371870506459,0.97879182233937,-0.8803360073065116,-0.9535862538961188,-0.8865017337392442,-1.0301333022545742,-1.0225576163103145,-1.0964443089933402,-0.6120493057478213,0.2930412604163744,-0.7848821209768412,0.1160750427781074,0.0966372481338049,0.0081275491029937,0.2429456078867929,0.5080529080245504,-0.1023016087054455,0.0946991775612747,0.0688670199185423,-0.0431988695501883,-0.1475977679764077,-0.3436754563382799,-0.1163760246582853,-0.4185991993042174,0.1805919584052022,0.3438398638701033,-0.0103483049960821,0.5900392708203618,0.2374604589163646,0.1554153589771834,-0.5129594816475657,0.1813033483525001,-0.1044808066283173,-0.3597928300987367,-0.1048950936075869,-0.4854355658100668
52,0.8377389506946302,-0.1520165494224042,-0.2403653000315112,-0.2286787758440833,-0.0377755663029751,-0.2653531710852901,1.3405707429047886,-0.2310139306149763,-0.222515641374338,1.4459084295230933,-0.1049838168215274,-0.6120493057478213,0.2930412604163744,-0.7848821209768412,0.1160750427781074,0.0966372481338049,0.0081275491029937,0.2429456078867929,0.5080529080245504,-0.1023016087054455,0.0946991775612747,0.0688670199185423,-0.0431988695501883,-0.1475977679764077,-0.3436754563382799,-0.1163760246582853,-0.4185991993042174,0.1805919584052022,0.3438398638701033,-0.0103483049960821,0.5900392708203618,0.2374604589163646,0.1554153589771834,-0.5129594816475657,0.1813033483525001,-0.1044808066283173,-0.3597928300987367,-0.1048950936075869,-0.4854355658100668
53,-1.2815141786301636,-0.7448810921697806,-0.6090672351830919,-1.074607480769619,-0.0377755663029751,0.2271330839373953,0.5073889349499526,0.7795297658682699,0.1044297595922056,1.584943660601642,0.6168914126592383,1.8174593888236836,0.5832916516859262,0.6943406813197843,-1.222960824291446,0.0966372481338049,0.0081275491029937,0.2429456078867929,0.5080529080245504,-0.1023016087054455,0.0946991775612747,0.0688670199185423,-0.0431988695501883,-0.3617861568537994,-0.3436754563382799,-0.5435444916392862,-0.4185991993042174,0.1805919584052022,0.3438398638701033,-0.0103483049960821,0.5900392708203618,0.2374604589163646,0.1554153589771834,-0.5129594816475657,0.1813033483525001,-0.5857647711249301,-0.3597928300987367,-0.759094261925309,-0.4854355658100668
54,-1.987931888405095,-0.1520165494224042,-0.7104602673497765,-0.2286787758440833,-0.4952308911920304,0.852115641072783,-0.3823704582154202,1.0799616756335595,0.3829769437227572,-0.3750874904746883,0.5057354038719346,1.8174593888236836,1.889418412398909,0.483023138134552,-0.3124164346841501,0.0966372481338049,0.0081275491029937,0.2429456078867929,1.1324867587367429,-0.1023016087054455,0.0946991775612747,0.0688670199185423,-0.142016772260616,1.2089286949137392,0.0579228297199348,1.0227398872910505,0.8252384214854571,0.1805919584052022,0.3438398638701033,-0.0103483049960821,0.5163894769841493,0.2374604589163646,0.1554153589771834,-0.5129594816475657,-0.6096765128747753,0.6146791403206439,0.3278357333977769,0.9854368535886164,1.6254480095591437
55,-1.0460416087051865,-0.7448810921697806,-0.7288953641073556,-0.5459020401911593,0.7077071853680779,-0.8353372631927638,3.5228715276733653,-0.9320217200673184,-0.9371616516760116,2.8503837804222965,-1.127108035555355,-0.6120493057478213,-1.4484610872009358,-0.7848821209768412,0.1160750427781074,0.0966372481338049,0.0081275491029937,0.2429456078867929,0.5080529080245504,-0.1023016087054455,0.0946991775612747,0.0688670199185423,-0.0431988695501883,-0.6473706753569882,-0.3436754563382799,-0.8283234696266202,-0.4185991993042174,0.1805919584052022,0.3438398638701033,-0.0103483049960821,0.5900392708203618,0.2374604589163646,0.1554153589771834,-0.5129594816475657,0.1813033483525001,-0.0049048139738458,-0.3597928300987367,-0.4319946777664481,-0.4854355658100668
56,-0.8105690387802095,-0.4484488207960924,1.464881150044549,-1.074607480769619,1.114334140825016,-0.9003354491348441,-0.9759151211493164,-0.9138137255360888,-0.912447668610824,-0.9797036465811556,-0.8971300863402439,-0.6120493057478213,0.2930412604163744,-0.7848821209768412,0.1160750427781074,0.0966372481338049,0.0081275491029937,0.2429456078867929,0.5080529080245504,-0.1023016087054455,0.0946991775612747,0.0688670199185423,-0.0431988695501883,-0.1475977679764077,-0.3436754563382799,-0.1163760246582853,-0.4185991993042174,0.1805919584052022,0.3438398638701033,-0.0103483049960821,0.5900392708203618,0.2374604589163646,0.1554153589771834,-0.5129594816475657,0.1813033483525001,-0.1044808066283173,-0.3597928300987367,-0.1048950936075869,-0.4854355658100668
57,-1.5169867485551407,-0.2508273065469669,0.2758174091807016,0.3352736941062739,1.029620191771487,-0.6103435426240242,-0.0178816804098629,-0.7408377774894069,-0.2259481390222807,-0.3325522677711005,-0.6160459261884413,-0.1261475668335204,-1.7387114784704876,0.102651560401134,0.1160750427781074,-0.7271556867773192,-0.8371375576083666,-0.9322331465423456,1.0324879750263405,-0.1023016087054455,-0.4376637665669721,-0.7269296546957255,1.1261463125232016,0.3521751394041727,2.869110832127438,-0.5435444916392862,0.8252384214854571,-0.0921619090274661,-1.1116515938426257,-1.5478107615570182,-0.2433948275362206,0.5060191261388494,-0.6280513169365326,-0.5129594816475657,0.6638294679222083,1.911933044624732,5.1412356778733725,0.3039793865909891,1.6254480095591437
58,0.366793810844676,-0.1520165494224042,-0.2403653000315112,1.493390373468614,1.6177770380574152,-0.2978522640563303,1.8218362143434537,-0.4586138622553471,-0.3446144862797289,2.012104776782195,-0.6123954825501062,2.789262866652285,0.2930412604163744,1.2860298022384344,-0.2410011884404398,3.062291813813852,0.0081275491029937,0.2429456078867929,0.3131666603155741,1.832128810452068,0.0946991775612747,0.0688670199185423,-1.5359799530481333,2.3512667689264948,2.869110832127438,1.449908354272051,3.312913663064806,1.9340096776152127,0.3438398638701033,-0.0103483049960821,0.0262195164999782,2.577757416140873,0.1554153589771834,2.026331654022152,-1.594300488900121,2.982374965660301,1.4738833392253,2.511901579663301,3.0327037264719503
59,-0.8105690387802095,-0.7448810921697806,-0.4892391062588281,-1.074607480769619,-0.6477159994883821,-0.9103351700490104,-0.4506451119312271,-0.9411257173329332,-0.9948276121614492,-0.5111996554611379,-1.127108035555355,-0.6120493057478213,0.2930412604163744,-0.7848821209768412,0.1160750427781074,0.0966372481338049,0.0081275491029937,0.2429456078867929,0.5080529080245504,-0.1023016087054455,0.0946991775612747,0.0688670199185423,-0.0431988695501883,-0.1475977679764077,-0.3436754563382799,-0.1163760246582853,-0.4185991993042174,0.1805919584052022,0.3438398638701033,-0.0103483049960821,0.5900392708203618,0.2374604589163646,0.1554153589771834,-0.5129594816475657,0.1813033483525001,-0.1044808066283173,-0.3597928300987367,-0.1048950936075869,-0.4854355658100668
60,-1.5169867485551407,-0.7448810921697806,-0.7104602673497765,-0.2815493199019293,-1.325427591916612,-0.8553367050210962,-0.3085295405230695,-0.850085744676785,-0.9879626168655636,-0.325957343000583,-0.9226831918085896,-0.6120493057478213,-2.02896186974004,-0.7848821209768412,0.1160750427781074,-1.056672860741769,-1.320146190014858,-1.5198225237569143,0.5080529080245504,-1.0695168182842023,-1.502389654823466,-1.5227263293099933,-0.0431988695501883,-0.1475977679764077,-0.3436754563382799,-0.1163760246582853,-0.4185991993042174,-1.1831773787581394,-2.276044760012809,-0.0103483049960821,0.5900392708203618,-1.911008878863512,-2.194984668763964,-0.5129594816475657,0.1813033483525001,-0.1044808066283173,-0.3597928300987367,-0.1048950936075869,-0.4854355658100668
61,1.3086840905445845,-0.7448810921697806,-0.0099265905617733,-1.074607480769619,-1.325427591916612,-0.9103351700490104,1.1449608375877989,-0.2310139306149763,-1.0497475745285323,0.9119688911636734,-0.1049838168215274,-0.6120493057478213,0.2930412604163744,-0.7848821209768412,0.1160750427781074,-1.3861900347062186,-1.1993940319132352,-1.5198225237569143,0.5080529080245504,-1.391921888143788,-1.2362081827593423,-1.5227263293099933,-0.0431988695501883,-1.218539712363366,-0.3436754563382799,-1.397881425601288,-0.4185991993042174,-2.2741928484888128,-1.4027498853851714,-0.0103483049960821,0.5900392708203618,0.2374604589163646,-1.0197846548933904,-0.5129594816475657,0.1813033483525001,-1.398968711136448,-0.3597928300987367,-1.4132934302430311,-0.4854355658100668
62,0.6022663807696531,-0.1520165494224042,-0.397063622470933,-1.074607480769619,-0.241089044031444,-0.8578366352496377,0.0308727300052955,-0.8956057310048591,-0.9742326262737928,-0.0046052214234864,-1.0887783773528366,-0.6120493057478213,0.2930412604163744,-0.7848821209768412,0.1160750427781074,-1.2214314477239938,-1.1993940319132352,-0.9322331465423456,0.5080529080245504,-1.0695168182842023,-1.2362081827593423,-0.7269296546957255,-0.6278714605868837,-1.218539712363366,-0.3436754563382799,-1.397881425601288,-0.4185991993042174,-1.1831773787581394,-1.4027498853851714,-1.5478107615570182,0.5900392708203618,-1.911008878863512,-1.0197846548933904,-0.5129594816475657,0.1813033483525001,-1.398968711136448,-0.3597928300987367,-1.4132934302430311,-0.4854355658100668
63,0.6022663807696531,-0.7448810921697806,-0.7104602673497765,-0.5459020401911593,0.3978961716866013,-0.8728362166208871,-0.3085295405230695,-0.904709728270474,-0.9989466093389804,-0.325957343000583,-1.0760018246186638,-0.6120493057478213,0.2930412604163744,-0.7848821209768412,0.1160750427781074,-1.3861900347062186,-1.1993940319132352,-1.5198225237569143,-0.7338456811667468,-1.391921888143788,-1.2362081827593423,-1.5227263293099933,-0.0431988695501883,-0.8615590642343799,-0.3436754563382799,-0.8283234696266202,-0.4185991993042174,-2.2741928484888128,-1.4027498853851714,-0.0103483049960821,-0.7757668244418859,0.2374604589163646,-1.0197846548933904,-0.5129594816475657,0.1813033483525001,-0.0049048139738458,-0.3597928300987367,0.549304074710135,-0.4854355658100668
64,0.366793810844676,0.4408479933249722,-0.6090672351830919,-1.074607480769619,-0.9292269686508776,-0.8603365654781793,-0.1168140663188723,-0.8682937392080146,-1.0154225980491054,-0.230482023571639,-1.0657805824313251,-0.6120493057478213,0.2930412604163744,-0.7848821209768412,0.1160750427781074,0.0966372481338049,0.0081275491029937,0.2429456078867929,0.5080529080245504,-0.1023016087054455,0.0946991775612747,0.0688670199185423,-0.0431988695501883,-0.1475977679764077,-0.3436754563382799,-0.1163760246582853,-0.4185991993042174,0.1805919584052022,0.3438398638701033,-0.0103483049960821,0.5900392708203618,0.2374604589163646,0.1554153589771834,-0.5129594816475657,0.1813033483525001,-0.1044808066283173,-0.3597928300987367,-0.1048950936075869,-0.4854355658100668
65,-0.8105690387802095,3.701602978435543,-0.1389722678648265,0.6877439878252468,0.97879182233937,-0.6828415192517292,-0.3085295405230695,-0.6406938075676438,-0.8326420982961559,2.5977123406563614,-0.8779652572389847,-0.6120493057478213,-0.7228351090270566,-0.7848821209768412,0.8302275052152029,-1.2214314477239938,-1.1993940319132352,-1.5198225237569143,-2.064670615779951,-1.0695168182842023,-1.2362081827593423,-1.5227263293099933,2.2954914945965914,-0.6473706753569882,-0.3436754563382799,-0.4011550026456193,-0.4185991993042174,-1.1831773787581394,-1.4027498853851714,-0.0103483049960821,-2.014488595019774,-1.911008878863512,-1.0197846548933904,-0.5129594816475657,1.4141715379688669,-0.5276787754098217,-0.3597928300987367,-0.1866699896473023,-0.4854355658100668
66,0.6022663807696531,3.998035249809231,4.073447341241982,-0.8631253045382351,-1.4101415409701408,1.542096384150251,-0.743436409982498,3.747432874458705,2.3038026275115007,-0.7784521484598216,-0.1049838168215274,-0.1261475668335204,0.0027908691468227,0.102651560401134,-0.9551536508775352,1.7442231179560534,0.1288797072046166,0.2429456078867929,0.6645093334920718,0.8649136008733114,-0.1714822945028487,0.0688670199185423,2.857676678285721,1.137532565287942,-0.3436754563382799,1.592297843265718,-0.4185991993042174,1.180689472324986,0.3438398638701033,-1.5478107615570182,1.8312225023806767,-0.2996568755286041,-0.4321846479581035,-0.5129594816475657,0.1813033483525001,1.853847048909624,-0.3597928300987367,2.34835178758387,-0.4854355658100668
67,-0.1041513290052781,-0.2508273065469669,-0.2680179451678798,-0.4401609520754672,1.1821053000678388,-0.8553367050210962,1.3405707429047886,-0.2310139306149763,-0.9433401474423084,1.4459084295230933,-0.1049838168215274,-0.6120493057478213,0.2930412604163744,-0.7848821209768412,0.1160750427781074,-1.2214314477239938,-1.320146190014858,-1.5198225237569143,-2.064670615779951,-1.0695168182842023,-1.502389654823466,-1.5227263293099933,-0.0431988695501883,-0.1475977679764077,-0.3436754563382799,-0.1163760246582853,-0.4185991993042174,-1.1831773787581394,-2.276044760012809,-0.0103483049960821,-2.014488595019774,-1.911008878863512,-2.194984668763964,-0.5129594816475657,0.1813033483525001,-0.1044808066283173,-0.3597928300987367,-0.1048950936075869,-0.4854355658100668
68,-0.1041513290052781,2.9111169214390404,0.0453786997109637,-0.0171965996126994,-0.4444025217599133,-0.8153378213644313,-0.8929231888791674,-0.7499417747550218,-0.7888777532848862,-1.0248091195217912,-0.641599031656787,-0.6120493057478213,0.2930412604163744,-0.7848821209768412,0.1160750427781074,-1.2214314477239938,-1.320146190014858,-1.5198225237569143,-1.9899051700151644,-1.0695168182842023,-1.502389654823466,-1.5227263293099933,-0.0431988695501883,-0.1475977679764077,-0.3436754563382799,-0.1163760246582853,-0.4185991993042174,-1.1831773787581394,-2.276044760012809,-0.0103483049960821,-1.9448974843131508,-1.911008878863512,-2.194984668763964,-0.5129594816475657,0.1813033483525001,-0.1044808066283173,-0.3597928300987367,-0.1048950936075869,-0.4854355658100668
69,0.6022663807696531,-0.7448810921697806,-0.7288953641073556,1.04021428154422,0.7246499751787835,0.6746205948463329,-0.3557657241560906,2.081401374851191,1.550712643552869,-0.3901442115757196,-0.1049838168215274,0.8456559109950814,-0.1423343264879531,0.5464184010901217,1.1873037364337502,0.0966372481338049,0.0081275491029937,0.2429456078867929,0.5080529080245504,-0.1023016087054455,0.0946991775612747,0.0688670199185423,-0.0431988695501883,-0.1475977679764077,-0.3436754563382799,-0.1163760246582853,-0.4185991993042174,0.1805919584052022,0.3438398638701033,-0.0103483049960821,0.5900392708203618,0.2374604589163646,0.1554153589771834,-0.5129594816475657,0.1813033483525001,-0.1044808066283173,-0.3597928300987367,-0.1048950936075869,-0.4854355658100668
70,0.6022663807696531,-0.6460703350452179,-0.4523689127436701,-1.074607480769619,-1.867596865859196,-0.2653531710852901,1.3405707429047886,-0.2310139306149763,-0.222515641374338,1.4459084295230933,-0.1049838168215274,-0.6120493057478213,0.2930412604163744,-0.7848821209768412,0.1160750427781074,0.0966372481338049,0.0081275491029937,0.2429456078867929,0.5080529080245504,-0.1023016087054455,0.0946991775612747,0.0688670199185423,-0.0431988695501883,-0.1475977679764077,-0.3436754563382799,-0.1163760246582853,-0.4185991993042174,0.1805919584052022,0.3438398638701033,-0.0103483049960821,0.5900392708203618,0.2374604589163646,0.1554153589771834,-0.5129594816475657,0.1813033483525001,-0.1044808066283173,-0.3597928300987367,-0.1048950936075869,-0.4854355658100668
71,0.366793810844676,-0.1520165494224042,-0.7288953641073556,1.04021428154422,0.1147095419933765,0.189634130509272,-0.9340319882375162,1.535161538914301,1.9708503556610573,-0.9240217145365136,-0.1049838168215274,1.574508519366533,-0.5777099133922807,3.2090194452240475,0.1160750427781074,-0.8919142737595441,-0.8371375576083666,-0.9322331465423456,1.9448934328058995,-0.4247066785650311,-0.7038452386310956,-0.7269296546957255,0.2073750980369663,-1.218539712363366,-0.3436754563382799,-1.397881425601288,-0.4185991993042174,-0.6376696438928028,-0.5294550107575341,-1.5478107615570182,0.5900392708203618,-0.7024948763623311,-0.4321846479581035,-0.5129594816475657,-0.555476395903612,-1.398968711136448,-0.3597928300987367,-1.4132934302430311,-0.4854355658100668
72,1.3086840905445845,1.4289555645705996,1.1883546986808635,-1.074607480769619,-0.0377755663029751,-0.8978355189063025,-0.6467902165863775,-0.9320217200673184,-1.0154225980491054,-0.7660903630226352,-1.127108035555355,-0.6120493057478213,0.2930412604163744,-0.7848821209768412,0.1160750427781074,-1.056672860741769,-1.320146190014858,-1.5198225237569143,-2.027287892897558,-1.0695168182842023,-1.502389654823466,-1.5227263293099933,-0.0431988695501883,-0.1475977679764077,-0.3436754563382799,-0.1163760246582853,-0.4185991993042174,-0.0921619090274661,-2.276044760012809,-0.0103483049960821,-1.9796930396664625,-1.911008878863512,-2.194984668763964,-0.5129594816475657,0.1813033483525001,-0.1044808066283173,-0.3597928300987367,-0.1048950936075869,-0.4854355658100668
73,-1.7524593184801178,1.330144807446037,0.0269436029533847,-0.2815493199019293,0.8161410401565947,-0.2653531710852901,-0.6377379734198693,-0.2310139306149763,2.8317207657650907,-0.5742486025460747,-0.1049838168215274,0.3597541720807805,2.1796688036684606,0.102651560401134,1.7229180832615716,2.0737402919205032,1.457153446322469,3.180892493959639,-0.5187251031253375,1.832128810452068,0.8932435937536449,0.0688670199185423,0.4964989067913764,0.137986750526781,-0.3436754563382799,0.3107924423227154,-0.4185991993042174,0.9988535607032072,1.071585592726468,3.0645766081257912,-0.5671994252006389,1.1965985561395236,0.7430153659124703,2.6611544379395813,2.033496678607148,-0.1044808066283173,-0.3597928300987367,0.1287474665058852,-0.4854355658100668
74,1.5441566604695616,-0.7448810921697806,-0.1389722678648265,-0.7221371870506459,-1.2576564326737891,-0.7428398447367264,-0.6927537858184537,-0.795461761083096,-0.5897928897042086,-0.6650852111299196,-0.7693645589985155,0.3597541720807805,-1.30333589156616,2.76525260453506,0.1160750427781074,-1.2214314477239938,-1.320146190014858,-1.5198225237569143,0.5080529080245504,-1.0695168182842023,-1.502389654823466,-1.5227263293099933,-0.0431988695501883,-1.147143582737569,-0.3436754563382799,-1.255491936607621,-0.4185991993042174,-1.1831773787581394,-2.276044760012809,-0.0103483049960821,0.5900392708203618,-1.911008878863512,-2.194984668763964,-0.5129594816475657,0.1813033483525001,-0.7019367625551469,-0.3597928300987367,-0.4319946777664481,-0.4854355658100668
75,-0.1041513290052781,-0.7448810921697806,-0.664372525455829,1.8092403769310703,1.348452690936586,2.6595651963083244,-0.669740214709169,-0.2310139306149763,1.6038851525719091,-0.567407401872824,3.688490840433792,-0.6120493057478213,0.2930412604163744,-0.7848821209768412,2.063763576697458,0.0966372481338049,2.7854271854403208,0.2429456078867929,-1.0641730142729864,0.8649136008733114,2.2241509540742617,0.8646636945328102,0.8683379259243439,1.2803248245395364,-0.3436754563382799,1.307518865278384,-0.4185991993042174,1.2170566546493422,0.6931578137211583,0.7583829232843864,-0.918383736791619,0.5060191261388494,0.8605353672995278,0.0160595049502924,0.1208556214464357,1.0406431088981056,-0.3597928300987367,1.530602827186718,-0.4854355658100668
76,-0.5750964688552324,0.2432264790758467,-0.4615864611224596,1.04021428154422,1.0601172134307573,0.1646348282238565,0.7013995843364484,0.8250497521963441,0.7104372193364922,0.5974346044697597,1.7859459878360535,-0.3690984362906709,-0.4325847177575048,0.102651560401134,-1.169399389608664,0.0966372481338049,0.0081275491029937,0.2429456078867929,0.5080529080245504,-0.1023016087054455,0.0946991775612747,0.0688670199185423,-0.0431988695501883,-0.9329551938601772,-0.3436754563382799,-0.9707129586202872,-0.4185991993042174,0.1805919584052022,0.3438398638701033,-0.0103483049960821,0.5900392708203618,0.2374604589163646,0.1554153589771834,-0.5129594816475657,0.1813033483525001,-1.2247107239911226,-0.3597928300987367,-1.1679687421238854,-0.4854355658100668
77,-1.5169867485551407,3.3063599499372915,-0.3878460740921435,0.7758615612549903,-0.0377755663029751,1.1921061521544338,-0.6352174404024574,1.2711456182114709,1.098137828671622,-0.3277773830608241,1.1343417983932385,2.789262866652285,0.8735420429554779,1.2860298022384344,1.1873037364337502,2.0737402919205032,3.751444450253304,0.2429456078867929,-0.859641510548769,2.7993440200308246,0.0946991775612747,0.0688670199185423,-1.2346071682664728,0.4235712690299699,0.0579228297199348,1.0227398872910505,0.8252384214854571,0.9988535607032072,0.3438398638701033,-0.0103483049960821,0.2625656859250742,0.5060191261388494,1.834272521649432,-0.5129594816475657,-1.6867051436150642,0.6921271346074551,0.3278357333977769,1.530602827186718,1.6254480095591437
78,-0.3396238989302552,0.3420372362004095,-0.2680179451678798,-1.074607480769619,-1.867596865859196,-0.8778360770779701,2.5208021253684723,-0.8865017337392442,-1.007184603694043,1.627556703233577,-1.0248956136819722,-0.6120493057478213,0.2930412604163744,-0.7848821209768412,0.1160750427781074,-1.3861900347062186,-1.0786418738116124,-0.9322331465423456,-1.743179198991368,-1.391921888143788,-0.970026710695219,-0.7269296546957255,-0.0431988695501883,-0.1475977679764077,-0.3436754563382799,-0.1163760246582853,-0.4185991993042174,-2.2741928484888128,-1.4027498853851714,-1.5478107615570182,-1.7152468189812953,0.2374604589163646,-1.0197846548933904,-0.5129594816475657,0.1813033483525001,-0.1044808066283173,-0.3597928300987367,-0.1048950936075869,-0.4854355658100668
79,0.8377389506946302,-0.5472595779206552,-0.5814145900467234,-0.0171965996126994,-0.4444025217599133,-0.8453369841069299,3.50027820569329,-0.7681497692862514,-0.4593579790823854,3.012746715799692,0.3294189761403492,-0.6120493057478213,0.2930412604163744,-0.7848821209768412,0.1160750427781074,0.0966372481338049,0.0081275491029937,0.2429456078867929,0.5080529080245504,-0.1023016087054455,0.0946991775612747,0.0688670199185423,-0.0431988695501883,-1.218539712363366,-0.3436754563382799,-1.397881425601288,-0.4185991993042174,0.1805919584052022,0.3438398638701033,-0.0103483049960821,0.5900392708203618,0.2374604589163646,0.1554153589771834,-0.5129594816475657,0.1813033483525001,-1.398968711136448,-0.3597928300987367,-1.4132934302430311,-0.4854355658100668
80,-0.1041513290052781,-0.4484488207960924,-0.5629794932891443,-1.074607480769619,-0.8916921727625449,-0.8928356584492194,-0.4231378694807954,-0.904709728270474,-1.001692607457335,-0.2794079131865251,-1.0121190609477997,-0.6120493057478213,-2.02896186974004,-0.7848821209768412,0.1160750427781074,0.0966372481338049,0.0081275491029937,0.2429456078867929,0.5080529080245504,-0.1023016087054455,0.0946991775612747,0.0688670199185423,-0.0431988695501883,-0.1475977679764077,-0.3436754563382799,-0.1163760246582853,-0.4185991993042174,0.1805919584052022,0.3438398638701033,-0.0103483049960821,0.5900392708203618,0.2374604589163646,0.1554153589771834,-0.5129594816475657,0.1813033483525001,-0.1044808066283173,-0.3597928300987367,-0.1048950936075869,-0.4854355658100668
81,-0.8105690387802095,-0.1520165494224042,-0.701242718970987,-0.2286787758440833,-0.1902606745993269,-0.2653531710852901,1.3405707429047886,-0.2310139306149763,-0.222515641374338,1.4459084295230933,-0.1049838168215274,-0.6120493057478213,0.2930412604163744,-0.7848821209768412,0.1160750427781074,0.0966372481338049,0.0081275491029937,0.2429456078867929,0.5080529080245504,-0.1023016087054455,0.0946991775612747,0.0688670199185423,-0.0431988695501883,-0.1475977679764077,-0.3436754563382799,-0.1163760246582853,-0.4185991993042174,0.1805919584052022,0.3438398638701033,-0.0103483049960821,0.5900392708203618,0.2374604589163646,0.1554153589771834,-0.5129594816475657,0.1813033483525001,-0.1044808066283173,-0.3597928300987367,-0.1048950936075869,-0.4854355658100668
82,0.8377389506946302,-0.1520165494224042,-0.2403653000315112,-0.2286787758440833,-0.0377755663029751,-0.2653531710852901,1.3405707429047886,-0.2310139306149763,-0.222515641374338,1.4459084295230933,-0.1049838168215274,-0.6120493057478213,0.2930412604163744,-0.7848821209768412,0.1160750427781074,0.0966372481338049,0.0081275491029937,0.2429456078867929,0.5080529080245504,-0.1023016087054455,0.0946991775612747,0.0688670199185423,-0.0431988695501883,-0.1475977679764077,-0.3436754563382799,-0.1163760246582853,-0.4185991993042174,0.1805919584052022,0.3438398638701033,-0.0103483049960821,0.5900392708203618,0.2374604589163646,0.1554153589771834,-0.5129594816475657,0.1813033483525001,-0.1044808066283173,-0.3597928300987367,-0.1048950936075869,-0.4854355658100668
83,-0.3396238989302552,-0.3496380636715296,-0.5629794932891443,-1.074607480769619,-1.05434295494532,-0.9153350305060932,-0.5712778469124341,-0.2310139306149763,-1.0360175839367618,-0.618795590516614,-0.1049838168215274,-0.6120493057478213,0.2930412604163744,-0.7848821209768412,0.1160750427781074,0.0966372481338049,0.0081275491029937,0.2429456078867929,0.5080529080245504,-0.1023016087054455,0.0946991775612747,0.0688670199185423,-0.0431988695501883,-0.1475977679764077,-0.3436754563382799,-0.1163760246582853,-0.4185991993042174,0.1805919584052022,0.3438398638701033,-0.0103483049960821,0.5900392708203618,0.2374604589163646,0.1554153589771834,-0.5129594816475657,0.1813033483525001,-0.1044808066283173,-0.3597928300987367,-0.1048950936075869,-0.4854355658100668
84,-0.5750964688552324,-0.3496380636715296,-0.2403653000315112,1.436743361978065,0.5721648668824317,1.0996087336983964,-0.5615089079515021,2.4819772545382435,1.300042243891681,-0.547470486855108,2.924884402996605,1.8174593888236836,0.5832916516859262,0.483023138134552,-0.4960556393108311,-0.7271556867773192,-0.4748810833034979,0.8305349851013621,0.2503394594460826,-0.7471117484246167,-1.2362081827593423,-0.7269296546957255,-1.2125440516235786,-1.147143582737569,-0.3436754563382799,-1.255491936607621,-0.4185991993042174,-0.8195055555145818,0.7804873011839221,-0.0103483049960821,-0.5207651116383321,-1.1053328771960582,-1.0197846548933904,-0.5129594816475657,0.1813033483525001,-1.398968711136448,-0.3597928300987367,-1.4132934302430311,-0.4854355658100668
85,1.779629230394539,-0.6460703350452179,-0.64593742869825,0.7758615612549903,1.3854187777963076,0.8246164085588259,-0.4023388016013749,1.981257404929428,2.5166174816839493,-0.3241373029403417,-0.1049838168215274,0.8456559109950814,-1.30333589156616,1.8777189231570843,0.1160750427781074,0.0966372481338049,2.906179343541944,2.5933031167450697,-1.6221951140265312,-0.1023016087054455,0.0946991775612747,1.6604603691470785,0.9056959913126446,-0.5045784161053939,0.4595211157781495,0.0260134643353815,2.0690760422751318,0.1805919584052022,0.3438398638701033,-0.0103483049960821,-1.160436616347903,0.2374604589163646,0.1554153589771834,1.6031164647438658,3.1286090812455383,0.4597831517470214,1.0154642968942906,1.203503243027857,3.7363315849283536
86,1.0732115206196071,3.2075491928127287,-0.2403653000315112,0.1338620976954318,0.8432495038537239,0.017138944739905,-0.6327768071611597,0.834153749461959,0.0260952596980843,-0.1986169201277804,0.9426935073806458,0.8456559109950814,-0.7228351090270566,0.9901852417791092,0.8302275052152029,-1.3861900347062186,0.0081275491029937,-0.9322331465423456,0.5080529080245504,-1.391921888143788,-0.1714822945028487,-0.7269296546957255,-0.0431988695501883,-1.147143582737569,-0.3436754563382799,-1.255491936607621,-0.4185991993042174,-2.2741928484888128,-0.6750041565288071,-1.5478107615570182,0.5900392708203618,0.2374604589163646,-0.6280513169365326,-0.5129594816475657,0.1813033483525001,-1.398968711136448,-0.3597928300987367,-1.4132934302430311,-0.4854355658100668
87,0.1313212409196989,-0.6460703350452179,-0.6735900738346186,-0.0171965996126994,1.2498764593106615,-0.9178349607346348,-1.166292873163455,-0.9411257173329332,-1.056612569824418,-1.149507242967426,-1.127108035555355,-0.6120493057478213,0.2930412604163744,-0.7848821209768412,0.1160750427781074,0.0966372481338049,0.0081275491029937,0.2429456078867929,0.5080529080245504,-0.1023016087054455,0.0946991775612747,0.0688670199185423,-0.0431988695501883,-0.1475977679764077,-0.3436754563382799,-0.1163760246582853,-0.4185991993042174,0.1805919584052022,0.3438398638701033,-0.0103483049960821,0.5900392708203618,0.2374604589163646,0.1554153589771834,-0.5129594816475657,0.1813033483525001,-0.1044808066283173,-0.3597928300987367,-0.1048950936075869,-0.4854355658100668
88,-1.2815141786301636,0.144415721951284,1.621579472483971,-1.074607480769619,-0.6477159994883821,2.699564079964989,-0.7276586978763581,-0.2310139306149763,2.6504848899537152,-0.732489521119149,-0.1049838168215274,2.303361127737984,1.3089176298598055,0.9901852417791092,0.1160750427781074,0.0966372481338049,0.0081275491029937,2.0057137395305005,-0.4804442239139516,-0.1023016087054455,0.0946991775612747,2.456257043761346,0.5653379088757596,2.5654551578038864,6.483495406651371,0.8803503982973833,2.0690760422751318,0.1805919584052022,0.3438398638701033,-0.6253332876204566,-0.4875549627289274,0.2374604589163646,0.1554153589771834,0.1218633022698636,0.829539687726115,2.608964993206033,5.485049959621629,0.426641730650562,1.6254480095591437
89,2.015101800319516,-0.1520165494224042,-0.7288953641073556,-1.074607480769619,0.2671946502897283,-0.9103351700490104,1.965548462797466,-0.9320217200673184,-0.9948276121614492,1.6438754739261503,-1.050448719150318,-0.3690984362906709,-2.02896186974004,0.102651560401134,0.1160750427781074,0.0966372481338049,0.0081275491029937,0.2429456078867929,0.5080529080245504,-0.1023016087054455,0.0946991775612747,0.0688670199185423,-0.0431988695501883,-0.1475977679764077,-0.3436754563382799,-0.1163760246582853,-0.4185991993042174,0.1805919584052022,0.3438398638701033,-0.0103483049960821,0.5900392708203618,0.2374604589163646,0.1554153589771834,-0.5129594816475657,0.1813033483525001,-0.1044808066283173,-0.3597928300987367,-0.1048950936075869,-0.4854355658100668
90,1.779629230394539,-0.1520165494224042,-0.378628525713354,-0.5459020401911593,0.4366225483967857,0.3946284092496792,-0.4377833246287649,1.0799616756335595,0.4703585267032416,-0.4935091406386477,1.2383794420857888,1.3315576499093824,0.4381664560511503,1.5818743626977592,0.1160750427781074,0.0966372481338049,0.0081275491029937,0.2429456078867929,1.8119177471242425,-0.1023016087054455,-0.7038452386310956,0.0688670199185423,0.3953055737273329,0.4235712690299699,-0.3436754563382799,0.5955714203100494,-0.4185991993042174,-0.3103650029736007,0.1255161452131939,0.7583829232843864,1.4067650542304897,-0.9441976768625674,-1.0197846548933904,1.0740974781460078,0.1813033483525001,0.2938231639895687,-0.3597928300987367,0.549304074710135,-0.4854355658100668
91,-1.0460416087051865,-0.0532057922978414,-0.4708040095012492,-0.3696668933316726,-1.2576564326737891,-0.9028353793633856,-0.3085295405230695,-0.9138137255360888,-1.0051251051052774,-0.325957343000583,-1.050448719150318,-0.6120493057478213,-2.02896186974004,-0.7848821209768412,0.1160750427781074,0.0966372481338049,0.0081275491029937,0.2429456078867929,0.5080529080245504,-0.1023016087054455,0.0946991775612747,0.0688670199185423,-0.0431988695501883,-0.1475977679764077,-0.3436754563382799,-0.1163760246582853,-0.4185991993042174,0.1805919584052022,0.3438398638701033,-0.0103483049960821,0.5900392708203618,0.2374604589163646,0.1554153589771834,-0.5129594816475657,0.1813033483525001,-0.1044808066283173,-0.3597928300987367,-0.1048950936075869,-0.4854355658100668
92,0.6022663807696531,-0.5472595779206552,-0.6920251705921976,-1.074607480769619,-1.867596865859196,-0.8903357282206779,-0.9337255303162932,-0.8956057310048591,-0.8300677250601988,-0.9420734919138156,-0.7438114535301698,-0.6120493057478213,0.2930412604163744,-0.7848821209768412,0.1160750427781074,-1.2214314477239938,-1.1993940319132352,-1.5198225237569143,0.9932361159998276,-1.0695168182842023,-1.2362081827593423,-1.5227263293099933,2.2954914945965914,-0.1475977679764077,-0.3436754563382799,-0.1163760246582853,-0.4185991993042174,-1.1831773787581394,-1.4027498853851714,-0.0103483049960821,0.8317878328811034,-1.911008878863512,-1.0197846548933904,-0.5129594816475657,1.4141715379688669,-0.1044808066283173,-0.3597928300987367,-0.1048950936075869,-0.4854355658100668
93,0.1313212409196989,-0.7448810921697806,0.1928594737715959,0.1942855766186846,-0.1902606745993269,-0.1778556130863359,-0.9679143092092556,0.615657815087203,0.4519701464464057,-0.9931365257124724,2.092583253456202,-0.6120493057478213,1.7442932167641332,-0.7848821209768412,0.1160750427781074,-0.8919142737595441,-0.9578897157099896,-0.3446437693277762,-1.1600087220260311,-0.7471117484246167,-0.7038452386310956,0.0688670199185423,-0.0431988695501883,-1.218539712363366,-0.3436754563382799,-1.397881425601288,-0.4185991993042174,0.9988535607032072,0.3438398638701033,3.0645766081257912,-1.1724361554696363,0.5060191261388494,1.3306153728477572,2.6611544379395813,-0.6867862581617767,-1.398968711136448,-0.3597928300987367,-1.4132934302430311,-0.4854355658100668
94,0.1313212409196989,0.5396587504495349,0.1191190867412798,-0.3696668933316726,-0.37663136251709,-0.1128574271442555,1.4227606014914411,-0.1672859497556725,-0.2456850004979513,-0.325957343000583,-0.2619528932699366,-0.6120493057478213,1.7442932167641332,1.5818743626977592,1.952467089044924,-0.3976385128128695,0.0081275491029937,0.2429456078867929,0.8124796559449606,-0.4247066785650311,0.3608806496253981,0.0688670199185423,-2.4316486031469005,-0.0762016383506105,-0.3436754563382799,0.3107924423227154,-0.4185991993042174,-0.6376696438928028,0.1255161452131939,-0.0103483049960821,0.1614597436555946,-1.3067518776129214,0.4492153624448268,-0.5129594816475657,-2.288403508967822,0.2739079654586745,-0.3597928300987367,0.549304074710135,-0.4854355658100668
95,0.366793810844676,-0.7448810921697806,-0.7288953641073556,-0.2286787758440833,-1.05434295494532,3.129552079274136,-0.4279094262226897,-0.2310139306149763,1.9558721841063984,-0.4338552218797413,-0.1049838168215274,-0.6120493057478213,0.2930412604163744,1.5227054506058944,0.1160750427781074,0.0966372481338049,0.0081275491029937,0.2429456078867929,0.5080529080245504,-0.1023016087054455,0.0946991775612747,0.0688670199185423,-0.0431988695501883,-0.1475977679764077,-0.3436754563382799,-0.1163760246582853,-0.4185991993042174,0.1805919584052022,0.3438398638701033,-0.0103483049960821,0.5900392708203618,0.2374604589163646,0.1554153589771834,-0.5129594816475657,0.1813033483525001,-0.1044808066283173,-0.3597928300987367,-0.1048950936075869,-0.4854355658100668
96,-0.3396238989302552,-0.4484488207960924,-0.2403653000315112,-0.0171965996126994,-1.867596865859196,0.8321161992444506,1.4286544493913138,0.5428258369622844,0.2352547267649314,1.1407991420209238,-0.0608466346489304,0.602705041537931,-0.287459522122729,0.102651560401134,0.1160750427781074,0.0966372481338049,0.0081275491029937,0.2429456078867929,1.1295021703775845,3.444154159749996,0.0946991775612747,3.2520537183756137,-0.0694762893720622,1.6373054726685226,-0.3436754563382799,2.019466310246719,-0.4185991993042174,2.982518051122614,0.3438398638701033,-0.0103483049960821,1.1753009787719009,0.2374604589163646,2.740855389492446,1.6031164647438658,-0.087693822137881,1.079367106041511,-0.3597928300987367,1.3125364377474773,-0.4854355658100668
97,0.366793810844676,-0.5472595779206552,-0.1666249130011951,-1.074607480769619,0.4366225483967857,-0.8878357979921363,-1.0023083560826822,-0.8682937392080146,-0.9879626168655636,-0.8429770768094673,-0.8588004281377254,-0.6120493057478213,0.2930412604163744,-0.7848821209768412,0.1160750427781074,0.0966372481338049,0.0081275491029937,0.2429456078867929,0.5080529080245504,-0.1023016087054455,0.0946991775612747,0.0688670199185423,-0.0431988695501883,-0.1475977679764077,-0.3436754563382799,-0.1163760246582853,-0.4185991993042174,0.1805919584052022,0.3438398638701033,-0.0103483049960821,0.5900392708203618,0.2374604589163646,0.1554153589771834,-0.5129594816475657,0.1813033483525001,-0.1044808066283173,-0.3597928300987367,-0.1048950936075869,-0.4854355658100668
98,0.366793810844676,-0.7448810921697806,-0.2403653000315112,1.510174673169518,1.3040933867049205,1.4495989656942136,-0.478696866609791,2.673161197116155,1.092130957787722,-0.5587935027355175,2.1862779735068028,1.574508519366533,1.7442932167641332,0.8126785055035143,0.9194965630198396,0.0966372481338049,1.3364012882208458,0.8305349851013621,-0.8028228343561951,0.5425085310137258,0.0946991775612747,0.8646636945328102,-1.1225944222333175,0.0665906209009838,0.0579228297199348,-0.1163760246582853,0.8252384214854571,0.1805919584052022,0.4685962745311943,-0.0103483049960821,-0.6389301290233902,1.1102761273894397,-0.0124703572900413,-0.5129594816475657,-1.4028241518835092,-0.2040567992827889,0.3278357333977769,0.2689330025739684,1.6254480095591437
99,-0.1041513290052781,-0.1520165494224042,-0.2034951065163532,-1.074607480769619,1.2498764593106615,-0.895335588677761,-0.9635797472538038,-0.9138137255360888,-0.8712576968355114,-0.9687013586138528,-0.8971300863402439,-0.6120493057478213,0.2930412604163744,-0.7848821209768412,0.1160750427781074,0.0966372481338049,0.0081275491029937,0.2429456078867929,0.5080529080245504,-0.1023016087054455,0.0946991775612747,0.0688670199185423,-0.0431988695501883,-0.1475977679764077,-0.3436754563382799,-0.1163760246582853,-0.4185991993042174,0.1805919584052022,0.3438398638701033,-0.0103483049960821,0.5900392708203618,0.2374604589163646,0.1554153589771834,-0.5129594816475657,0.1813033483525001,-0.1044808066283173,-0.3597928300987367,-0.1048950936075869,-0.4854355658100668
100,1.5441566604695616,-0.7448810921697806,-0.6828076222134081,-1.074607480769619,-0.4037398262142191,-0.1278570085155049,-0.3084997461075273,0.1331459600096169,-0.1445489090853535,-0.0109834263788998,0.3166424234061763,-0.6120493057478213,2.1796688036684606,-0.7848821209768412,0.1160750427781074,0.0966372481338049,0.0081275491029937,0.2429456078867929,0.5080529080245504,-0.1023016087054455,0.0946991775612747,0.0688670199185423,-0.0431988695501883,-0.1475977679764077,-0.3436754563382799,-0.1163760246582853,-0.4185991993042174,0.1805919584052022,0.3438398638701033,-0.0103483049960821,0.5900392708203618,0.2374604589163646,0.1554153589771834,-0.5129594816475657,0.1813033483525001,-0.1044808066283173,-0.3597928300987367,-0.1048950936075869,-0.4854355658100668
101,0.366793810844676,-0.1520165494224042,3.3083908258024524,1.674660810238372,-0.6477159994883821,1.6045946398637898,0.0140313412831439,1.3621855908676193,1.0028860189412117,-0.0794419387040799,0.7433792847275493,-0.6120493057478213,0.2930412604163744,2.863867458021501,0.1160750427781074,1.7442231179560534,1.8194099206273373,3.180892493959639,-0.4656869490237115,2.1545338803116536,2.490332426138385,1.6604603691470785,-0.0431988695501883,1.565909343042725,0.0579228297199348,1.449908354272051,0.8252384214854571,0.0290620320537198,0.5621635825270127,3.0645766081257912,-0.7564690989808589,0.2374604589163646,0.8899153676462921,1.0740974781460078,1.6708857924894605,1.8870390464611144,0.3278357333977769,1.6707883632548015,1.6254480095591437
102,-0.3396238989302552,-0.6460703350452179,-0.6090672351830919,-1.074607480769619,-0.6477159994883821,-0.9003354491348441,-0.3085295405230695,-0.9229177228017036,-1.0360175839367618,-0.325957343000583,-0.973789402745281,-0.6120493057478213,0.2930412604163744,-0.7848821209768412,0.1160750427781074,0.0966372481338049,0.0081275491029937,0.2429456078867929,0.5080529080245504,-0.1023016087054455,0.0946991775612747,0.0688670199185423,-0.0431988695501883,-0.1475977679764077,-0.3436754563382799,-0.1163760246582853,-0.4185991993042174,0.1805919584052022,0.3438398638701033,-0.0103483049960821,0.5900392708203618,0.2374604589163646,0.1554153589771834,-0.5129594816475657,0.1813033483525001,-0.1044808066283173,-0.3597928300987367,-0.1048950936075869,-0.4854355658100668
103,-0.1041513290052781,-0.5472595779206552,0.0177260545745951,-1.074607480769619,0.3503683457241021,2.754562544992903,-0.0441038299039882,-0.2310139306149763,1.6750314674565396,-0.0769551698754251,2.559508180650519,-0.1261475668335204,0.2930412604163744,0.9901852417791092,0.1160750427781074,0.0966372481338049,0.0081275491029937,0.2429456078867929,-0.3047506620421765,-0.1023016087054455,0.0946991775612747,0.0688670199185423,-0.9388675196489557,1.137532565287942,0.0579228297199348,1.449908354272051,0.8252384214854571,0.1805919584052022,0.3438398638701033,-0.0103483049960821,-0.1632115951386335,0.2374604589163646,0.1554153589771834,2.6611544379395813,-1.4953479771167444,0.5372311460338326,0.3278357333977769,0.6583372694297553,1.6254480095591437
