,device_id,date,count,part_of_the_day
0,04833a47-4da4-493c-af58-403d88c27e63,2021-04-02,1,PART_1
1,04833a47-4da4-493c-af58-403d88c27e63,2021-04-04,1,PART_1
2,04833a47-4da4-493c-af58-403d88c27e63,2021-04-02,1,PART_2
3,04833a47-4da4-493c-af58-403d88c27e63,2021-04-04,1,PART_2
4,04833a47-4da4-493c-af58-403d88c27e63,2021-04-01,1,PART_3
5,04833a47-4da4-493c-af58-403d88c27e63,2021-04-03,1,PART_3
6,04833a47-4da4-493c-af58-403d88c27e63,2021-04-01,1,PART_4
7,04833a47-4da4-493c-af58-403d88c27e63,2021-04-03,1,PART_4
8,07048f64-6412-4699-a746-3fc687c33c95,2021-04-28,1,PART_1
9,07048f64-6412-4699-a746-3fc687c33c95,2021-04-17,1,PART_2
10,07048f64-6412-4699-a746-3fc687c33c95,2021-04-22,4,PART_2
11,07048f64-6412-4699-a746-3fc687c33c95,2021-05-13,7,PART_2
12,07048f64-6412-4699-a746-3fc687c33c95,2021-04-26,1,PART_3
13,07048f64-6412-4699-a746-3fc687c33c95,2021-05-09,4,PART_3
14,07048f64-6412-4699-a746-3fc687c33c95,2021-05-15,1,PART_3
15,08541345-26e2-43c7-9391-a48ce61005d1,2021-04-01,1,PART_1
16,08541345-26e2-43c7-9391-a48ce61005d1,2021-04-02,4,PART_1
17,08541345-26e2-43c7-9391-a48ce61005d1,2021-04-03,2,PART_1
18,08541345-26e2-43c7-9391-a48ce61005d1,2021-04-04,3,PART_1
19,08541345-26e2-43c7-9391-a48ce61005d1,2021-04-08,3,PART_1
20,08541345-26e2-43c7-9391-a48ce61005d1,2021-03-31,1,PART_2
21,08541345-26e2-43c7-9391-a48ce61005d1,2021-04-01,1,PART_2
22,08541345-26e2-43c7-9391-a48ce61005d1,2021-04-02,4,PART_2
23,08541345-26e2-43c7-9391-a48ce61005d1,2021-04-03,2,PART_2
24,08541345-26e2-43c7-9391-a48ce61005d1,2021-04-04,2,PART_2
25,08541345-26e2-43c7-9391-a48ce61005d1,2021-04-05,2,PART_2
26,08541345-26e2-43c7-9391-a48ce61005d1,2021-04-06,2,PART_2
27,08541345-26e2-43c7-9391-a48ce61005d1,2021-04-08,4,PART_2
28,08541345-26e2-43c7-9391-a48ce61005d1,2021-03-31,1,PART_3
29,08541345-26e2-43c7-9391-a48ce61005d1,2021-04-01,4,PART_3
30,08541345-26e2-43c7-9391-a48ce61005d1,2021-04-02,3,PART_3
31,08541345-26e2-43c7-9391-a48ce61005d1,2021-04-03,3,PART_3
32,08541345-26e2-43c7-9391-a48ce61005d1,2021-04-04,2,PART_3
33,08541345-26e2-43c7-9391-a48ce61005d1,2021-04-05,2,PART_3
34,08541345-26e2-43c7-9391-a48ce61005d1,2021-04-06,2,PART_3
35,08541345-26e2-43c7-9391-a48ce61005d1,2021-04-08,9,PART_3
36,08541345-26e2-43c7-9391-a48ce61005d1,2021-03-31,1,PART_4
37,08541345-26e2-43c7-9391-a48ce61005d1,2021-04-01,1,PART_4
38,08541345-26e2-43c7-9391-a48ce61005d1,2021-04-02,1,PART_4
39,08541345-26e2-43c7-9391-a48ce61005d1,2021-04-03,2,PART_4
40,09d4e452-e73a-4db4-849c-8ce40dd5a30b,2021-04-12,5,PART_1
41,09d4e452-e73a-4db4-849c-8ce40dd5a30b,2021-04-12,8,PART_2
42,0bbb2d1c-08f9-40ca-a516-af846e26b3e0,2021-04-07,2,PART_3
43,0bbb2d1c-08f9-40ca-a516-af846e26b3e0,2021-04-04,6,PART_4
44,0bebba8c-9207-458f-a93d-5b6f4ec9357b,2021-04-06,3,PART_2
45,0d514ba7-9a7d-494d-8394-eb847438d5cd,2021-04-25,1,PART_1
46,0d514ba7-9a7d-494d-8394-eb847438d5cd,2021-04-26,1,PART_1
47,0d514ba7-9a7d-494d-8394-eb847438d5cd,2021-04-25,1,PART_2
48,0d514ba7-9a7d-494d-8394-eb847438d5cd,2021-04-26,1,PART_2
49,0d514ba7-9a7d-494d-8394-eb847438d5cd,2021-04-24,1,PART_3
50,0d514ba7-9a7d-494d-8394-eb847438d5cd,2021-04-25,1,PART_3
51,0d514ba7-9a7d-494d-8394-eb847438d5cd,2021-04-26,1,PART_3
52,0d514ba7-9a7d-494d-8394-eb847438d5cd,2021-04-24,1,PART_4
53,0d514ba7-9a7d-494d-8394-eb847438d5cd,2021-04-25,1,PART_4
54,12f13c91-3e5c-4477-a781-88bab73726bc,2021-04-02,4,PART_1
55,12f13c91-3e5c-4477-a781-88bab73726bc,2021-04-03,1,PART_1
56,12f13c91-3e5c-4477-a781-88bab73726bc,2021-04-04,1,PART_1
57,12f13c91-3e5c-4477-a781-88bab73726bc,2021-04-05,1,PART_1
58,12f13c91-3e5c-4477-a781-88bab73726bc,2021-04-06,36,PART_1
59,12f13c91-3e5c-4477-a781-88bab73726bc,2021-04-07,10,PART_1
60,12f13c91-3e5c-4477-a781-88bab73726bc,2021-04-08,1,PART_1
61,12f13c91-3e5c-4477-a781-88bab73726bc,2021-04-09,1,PART_1
62,12f13c91-3e5c-4477-a781-88bab73726bc,2021-04-10,1,PART_1
63,12f13c91-3e5c-4477-a781-88bab73726bc,2021-04-02,11,PART_2
64,12f13c91-3e5c-4477-a781-88bab73726bc,2021-04-03,1,PART_2
65,12f13c91-3e5c-4477-a781-88bab73726bc,2021-04-04,1,PART_2
66,12f13c91-3e5c-4477-a781-88bab73726bc,2021-04-05,32,PART_2
67,12f13c91-3e5c-4477-a781-88bab73726bc,2021-04-06,30,PART_2
68,12f13c91-3e5c-4477-a781-88bab73726bc,2021-04-07,3,PART_2
69,12f13c91-3e5c-4477-a781-88bab73726bc,2021-04-08,1,PART_2
70,12f13c91-3e5c-4477-a781-88bab73726bc,2021-04-09,1,PART_2
71,12f13c91-3e5c-4477-a781-88bab73726bc,2021-04-10,1,PART_2
72,12f13c91-3e5c-4477-a781-88bab73726bc,2021-04-01,1,PART_3
73,12f13c91-3e5c-4477-a781-88bab73726bc,2021-04-02,1,PART_3
74,12f13c91-3e5c-4477-a781-88bab73726bc,2021-04-03,10,PART_3
75,12f13c91-3e5c-4477-a781-88bab73726bc,2021-04-04,1,PART_3
76,12f13c91-3e5c-4477-a781-88bab73726bc,2021-04-05,1,PART_3
77,12f13c91-3e5c-4477-a781-88bab73726bc,2021-04-06,1,PART_3
78,12f13c91-3e5c-4477-a781-88bab73726bc,2021-04-07,1,PART_3
79,12f13c91-3e5c-4477-a781-88bab73726bc,2021-04-08,1,PART_3
80,12f13c91-3e5c-4477-a781-88bab73726bc,2021-04-09,1,PART_3
81,12f13c91-3e5c-4477-a781-88bab73726bc,2021-04-10,1,PART_3
82,12f13c91-3e5c-4477-a781-88bab73726bc,2021-04-01,1,PART_4
83,12f13c91-3e5c-4477-a781-88bab73726bc,2021-04-02,1,PART_4
84,12f13c91-3e5c-4477-a781-88bab73726bc,2021-04-03,6,PART_4
85,12f13c91-3e5c-4477-a781-88bab73726bc,2021-04-04,1,PART_4
86,12f13c91-3e5c-4477-a781-88bab73726bc,2021-04-05,1,PART_4
87,12f13c91-3e5c-4477-a781-88bab73726bc,2021-04-06,17,PART_4
88,12f13c91-3e5c-4477-a781-88bab73726bc,2021-04-07,1,PART_4
89,12f13c91-3e5c-4477-a781-88bab73726bc,2021-04-08,1,PART_4
90,12f13c91-3e5c-4477-a781-88bab73726bc,2021-04-09,1,PART_4
91,12f13c91-3e5c-4477-a781-88bab73726bc,2021-04-10,1,PART_4
92,145427c3-4dc0-40f0-80e9-ff921bf14b72,2021-04-03,11,PART_1
93,145427c3-4dc0-40f0-80e9-ff921bf14b72,2021-04-04,11,PART_1
94,145427c3-4dc0-40f0-80e9-ff921bf14b72,2021-04-05,18,PART_1
95,145427c3-4dc0-40f0-80e9-ff921bf14b72,2021-04-06,10,PART_1
96,145427c3-4dc0-40f0-80e9-ff921bf14b72,2021-04-07,11,PART_1
97,145427c3-4dc0-40f0-80e9-ff921bf14b72,2021-04-08,34,PART_1
98,145427c3-4dc0-40f0-80e9-ff921bf14b72,2021-04-09,10,PART_1
99,145427c3-4dc0-40f0-80e9-ff921bf14b72,2021-04-02,18,PART_2
100,145427c3-4dc0-40f0-80e9-ff921bf14b72,2021-04-03,13,PART_2
101,145427c3-4dc0-40f0-80e9-ff921bf14b72,2021-04-04,18,PART_2
102,145427c3-4dc0-40f0-80e9-ff921bf14b72,2021-04-05,22,PART_2
103,145427c3-4dc0-40f0-80e9-ff921bf14b72,2021-04-06,78,PART_2
104,145427c3-4dc0-40f0-80e9-ff921bf14b72,2021-04-07,18,PART_2
105,145427c3-4dc0-40f0-80e9-ff921bf14b72,2021-04-08,31,PART_2
106,145427c3-4dc0-40f0-80e9-ff921bf14b72,2021-04-09,9,PART_2
107,145427c3-4dc0-40f0-80e9-ff921bf14b72,2021-04-01,30,PART_3
108,145427c3-4dc0-40f0-80e9-ff921bf14b72,2021-04-02,7,PART_3
109,145427c3-4dc0-40f0-80e9-ff921bf14b72,2021-04-03,19,PART_3
110,145427c3-4dc0-40f0-80e9-ff921bf14b72,2021-04-04,9,PART_3
111,145427c3-4dc0-40f0-80e9-ff921bf14b72,2021-04-05,10,PART_3
112,145427c3-4dc0-40f0-80e9-ff921bf14b72,2021-04-06,15,PART_3
113,145427c3-4dc0-40f0-80e9-ff921bf14b72,2021-04-07,17,PART_3
114,145427c3-4dc0-40f0-80e9-ff921bf14b72,2021-04-08,32,PART_3
115,145427c3-4dc0-40f0-80e9-ff921bf14b72,2021-04-01,8,PART_4
116,145427c3-4dc0-40f0-80e9-ff921bf14b72,2021-04-02,19,PART_4
117,145427c3-4dc0-40f0-80e9-ff921bf14b72,2021-04-03,5,PART_4
118,145427c3-4dc0-40f0-80e9-ff921bf14b72,2021-04-04,11,PART_4
119,145427c3-4dc0-40f0-80e9-ff921bf14b72,2021-04-05,26,PART_4
120,145427c3-4dc0-40f0-80e9-ff921bf14b72,2021-04-06,18,PART_4
121,145427c3-4dc0-40f0-80e9-ff921bf14b72,2021-04-07,21,PART_4
122,145427c3-4dc0-40f0-80e9-ff921bf14b72,2021-04-08,12,PART_4
123,171408ba-1802-416a-b00d-335bbe2eee6e,2021-03-30,10,PART_1
124,171408ba-1802-416a-b00d-335bbe2eee6e,2021-03-31,18,PART_1
125,171408ba-1802-416a-b00d-335bbe2eee6e,2021-04-01,64,PART_1
126,171408ba-1802-416a-b00d-335bbe2eee6e,2021-04-02,8,PART_1
127,171408ba-1802-416a-b00d-335bbe2eee6e,2021-04-03,38,PART_1
128,171408ba-1802-416a-b00d-335bbe2eee6e,2021-04-04,54,PART_1
129,171408ba-1802-416a-b00d-335bbe2eee6e,2021-04-05,50,PART_1
130,171408ba-1802-416a-b00d-335bbe2eee6e,2021-04-06,22,PART_1
131,171408ba-1802-416a-b00d-335bbe2eee6e,2021-04-07,47,PART_1
132,171408ba-1802-416a-b00d-335bbe2eee6e,2021-03-30,17,PART_2
133,171408ba-1802-416a-b00d-335bbe2eee6e,2021-03-31,19,PART_2
134,171408ba-1802-416a-b00d-335bbe2eee6e,2021-04-01,15,PART_2
135,171408ba-1802-416a-b00d-335bbe2eee6e,2021-04-02,52,PART_2
136,171408ba-1802-416a-b00d-335bbe2eee6e,2021-04-03,58,PART_2
137,171408ba-1802-416a-b00d-335bbe2eee6e,2021-04-04,19,PART_2
138,171408ba-1802-416a-b00d-335bbe2eee6e,2021-04-05,19,PART_2
139,171408ba-1802-416a-b00d-335bbe2eee6e,2021-04-06,19,PART_2
140,171408ba-1802-416a-b00d-335bbe2eee6e,2021-04-07,79,PART_2
141,171408ba-1802-416a-b00d-335bbe2eee6e,2021-03-30,86,PART_3
142,171408ba-1802-416a-b00d-335bbe2eee6e,2021-03-31,109,PART_3
143,171408ba-1802-416a-b00d-335bbe2eee6e,2021-04-01,46,PART_3
144,171408ba-1802-416a-b00d-335bbe2eee6e,2021-04-02,19,PART_3
145,171408ba-1802-416a-b00d-335bbe2eee6e,2021-04-03,204,PART_3
146,171408ba-1802-416a-b00d-335bbe2eee6e,2021-04-04,52,PART_3
147,171408ba-1802-416a-b00d-335bbe2eee6e,2021-04-05,103,PART_3
148,171408ba-1802-416a-b00d-335bbe2eee6e,2021-04-06,64,PART_3
149,171408ba-1802-416a-b00d-335bbe2eee6e,2021-03-30,96,PART_4
150,171408ba-1802-416a-b00d-335bbe2eee6e,2021-03-31,39,PART_4
151,171408ba-1802-416a-b00d-335bbe2eee6e,2021-04-01,12,PART_4
152,171408ba-1802-416a-b00d-335bbe2eee6e,2021-04-02,15,PART_4
153,171408ba-1802-416a-b00d-335bbe2eee6e,2021-04-03,54,PART_4
154,171408ba-1802-416a-b00d-335bbe2eee6e,2021-04-04,17,PART_4
155,171408ba-1802-416a-b00d-335bbe2eee6e,2021-04-05,18,PART_4
156,171408ba-1802-416a-b00d-335bbe2eee6e,2021-04-06,26,PART_4
157,180d0e3a-6e20-4396-a148-8c0ed445c95f,2021-04-06,14,PART_2
158,184d1dea-bec0-4c36-97f1-5a5df961afaf,2021-04-17,1,PART_1
159,184d1dea-bec0-4c36-97f1-5a5df961afaf,2021-04-16,1,PART_2
160,186ac443-305a-4beb-b7ee-7558d7be13d7,2021-04-03,1,PART_1
161,186ac443-305a-4beb-b7ee-7558d7be13d7,2021-04-03,4,PART_2
162,186ac443-305a-4beb-b7ee-7558d7be13d7,2021-04-04,2,PART_2
163,186ac443-305a-4beb-b7ee-7558d7be13d7,2021-04-05,5,PART_2
164,186ac443-305a-4beb-b7ee-7558d7be13d7,2021-04-06,5,PART_2
165,186ac443-305a-4beb-b7ee-7558d7be13d7,2021-04-08,2,PART_2
166,186ac443-305a-4beb-b7ee-7558d7be13d7,2021-04-02,4,PART_3
167,186ac443-305a-4beb-b7ee-7558d7be13d7,2021-04-03,3,PART_3
168,186ac443-305a-4beb-b7ee-7558d7be13d7,2021-04-04,3,PART_3
169,186ac443-305a-4beb-b7ee-7558d7be13d7,2021-04-05,6,PART_3
170,186ac443-305a-4beb-b7ee-7558d7be13d7,2021-04-07,5,PART_3
171,186ac443-305a-4beb-b7ee-7558d7be13d7,2021-04-08,9,PART_3
172,186ac443-305a-4beb-b7ee-7558d7be13d7,2021-04-02,4,PART_4
173,186ac443-305a-4beb-b7ee-7558d7be13d7,2021-04-03,5,PART_4
174,186ac443-305a-4beb-b7ee-7558d7be13d7,2021-04-04,3,PART_4
175,186ac443-305a-4beb-b7ee-7558d7be13d7,2021-04-08,3,PART_4
176,18aaeaaa-58e3-47d5-ab81-fef2063d340e,2021-01-04,1,PART_1
177,18aaeaaa-58e3-47d5-ab81-fef2063d340e,2021-01-05,1,PART_1
178,18aaeaaa-58e3-47d5-ab81-fef2063d340e,2021-01-06,2,PART_1
179,18aaeaaa-58e3-47d5-ab81-fef2063d340e,2021-01-07,12,PART_1
180,18aaeaaa-58e3-47d5-ab81-fef2063d340e,2021-01-08,1,PART_1
181,18aaeaaa-58e3-47d5-ab81-fef2063d340e,2021-01-09,1,PART_1
182,18aaeaaa-58e3-47d5-ab81-fef2063d340e,2021-01-10,1,PART_1
183,18aaeaaa-58e3-47d5-ab81-fef2063d340e,2021-01-04,1,PART_2
184,18aaeaaa-58e3-47d5-ab81-fef2063d340e,2021-01-05,1,PART_2
185,18aaeaaa-58e3-47d5-ab81-fef2063d340e,2021-01-06,1,PART_2
186,18aaeaaa-58e3-47d5-ab81-fef2063d340e,2021-01-07,7,PART_2
187,18aaeaaa-58e3-47d5-ab81-fef2063d340e,2021-01-08,1,PART_2
188,18aaeaaa-58e3-47d5-ab81-fef2063d340e,2021-01-09,1,PART_2
189,18aaeaaa-58e3-47d5-ab81-fef2063d340e,2021-01-10,1,PART_2
190,18aaeaaa-58e3-47d5-ab81-fef2063d340e,2021-01-03,8,PART_3
191,18aaeaaa-58e3-47d5-ab81-fef2063d340e,2021-01-04,1,PART_3
192,18aaeaaa-58e3-47d5-ab81-fef2063d340e,2021-01-05,45,PART_3
193,18aaeaaa-58e3-47d5-ab81-fef2063d340e,2021-01-06,1,PART_3
194,18aaeaaa-58e3-47d5-ab81-fef2063d340e,2021-01-07,7,PART_3
195,18aaeaaa-58e3-47d5-ab81-fef2063d340e,2021-01-08,1,PART_3
196,18aaeaaa-58e3-47d5-ab81-fef2063d340e,2021-01-09,1,PART_3
197,18aaeaaa-58e3-47d5-ab81-fef2063d340e,2021-01-03,1,PART_4
198,18aaeaaa-58e3-47d5-ab81-fef2063d340e,2021-01-04,1,PART_4
199,18aaeaaa-58e3-47d5-ab81-fef2063d340e,2021-01-05,12,PART_4
200,18aaeaaa-58e3-47d5-ab81-fef2063d340e,2021-01-06,1,PART_4
201,18aaeaaa-58e3-47d5-ab81-fef2063d340e,2021-01-07,16,PART_4
202,18aaeaaa-58e3-47d5-ab81-fef2063d340e,2021-01-08,1,PART_4
203,18aaeaaa-58e3-47d5-ab81-fef2063d340e,2021-01-09,1,PART_4
204,18e08aa0-0a19-4bdf-9183-14334396dbf0,2021-04-21,6,PART_1
205,18e08aa0-0a19-4bdf-9183-14334396dbf0,2021-04-26,6,PART_1
206,18e08aa0-0a19-4bdf-9183-14334396dbf0,2021-04-20,4,PART_2
207,18e08aa0-0a19-4bdf-9183-14334396dbf0,2021-04-21,28,PART_2
208,18e08aa0-0a19-4bdf-9183-14334396dbf0,2021-04-26,4,PART_2
209,18e08aa0-0a19-4bdf-9183-14334396dbf0,2021-04-21,4,PART_3
210,1d5dbe6b-ee04-4019-b65f-a4785638379b,2021-05-17,2,PART_3
211,1e64a9ac-ccc2-4bf7-9092-87a26382b192,2021-03-31,9,PART_1
212,1e64a9ac-ccc2-4bf7-9092-87a26382b192,2021-04-01,8,PART_1
213,1e64a9ac-ccc2-4bf7-9092-87a26382b192,2021-03-30,2,PART_2
214,1e64a9ac-ccc2-4bf7-9092-87a26382b192,2021-03-31,19,PART_2
215,1e64a9ac-ccc2-4bf7-9092-87a26382b192,2021-04-01,7,PART_2
216,1e64a9ac-ccc2-4bf7-9092-87a26382b192,2021-03-30,18,PART_3
217,1e64a9ac-ccc2-4bf7-9092-87a26382b192,2021-03-31,26,PART_3
218,1e64a9ac-ccc2-4bf7-9092-87a26382b192,2021-03-30,8,PART_4
219,1e64a9ac-ccc2-4bf7-9092-87a26382b192,2021-03-31,15,PART_4
220,216f9f63-1699-4b3e-85fa-0013505dc5fd,2021-04-03,1,PART_3
221,21ca44be-3526-4847-9024-dd5337f8a56a,2021-05-19,2,PART_3
222,21ca44be-3526-4847-9024-dd5337f8a56a,2021-05-19,2,PART_4
223,2630577e-9966-42d4-b9a2-571fa93807f0,2021-05-22,7,PART_4
224,26ee3598-68fc-471d-a913-70f6bd3bc2e3,2021-05-23,1,PART_1
225,26ee3598-68fc-471d-a913-70f6bd3bc2e3,2021-05-23,1,PART_2
226,26ee3598-68fc-471d-a913-70f6bd3bc2e3,2021-05-30,3,PART_2
227,26ee3598-68fc-471d-a913-70f6bd3bc2e3,2021-05-22,1,PART_3
228,26ee3598-68fc-471d-a913-70f6bd3bc2e3,2021-05-23,1,PART_3
229,26ee3598-68fc-471d-a913-70f6bd3bc2e3,2021-05-22,1,PART_4
230,2ab92b8c-131e-4ee3-b445-9d0ed9bbab79,2021-05-21,1,PART_1
231,2ab92b8c-131e-4ee3-b445-9d0ed9bbab79,2021-05-20,1,PART_2
232,2ab92b8c-131e-4ee3-b445-9d0ed9bbab79,2021-05-21,1,PART_2
233,2ab92b8c-131e-4ee3-b445-9d0ed9bbab79,2021-06-03,1,PART_2
234,2ab92b8c-131e-4ee3-b445-9d0ed9bbab79,2021-05-20,1,PART_3
235,2ab92b8c-131e-4ee3-b445-9d0ed9bbab79,2021-05-21,1,PART_3
236,2ab92b8c-131e-4ee3-b445-9d0ed9bbab79,2021-05-22,1,PART_3
237,2ab92b8c-131e-4ee3-b445-9d0ed9bbab79,2021-05-28,1,PART_3
238,2ab92b8c-131e-4ee3-b445-9d0ed9bbab79,2021-05-29,1,PART_3
239,2ab92b8c-131e-4ee3-b445-9d0ed9bbab79,2021-06-03,1,PART_3
240,2ab92b8c-131e-4ee3-b445-9d0ed9bbab79,2021-05-20,1,PART_4
241,2ab92b8c-131e-4ee3-b445-9d0ed9bbab79,2021-05-22,1,PART_4
242,2ab92b8c-131e-4ee3-b445-9d0ed9bbab79,2021-05-29,1,PART_4
243,32ba08c7-668e-44a3-8e9f-6e5f5839282e,2021-04-11,3,PART_1
244,32ba08c7-668e-44a3-8e9f-6e5f5839282e,2021-04-12,1,PART_1
245,32ba08c7-668e-44a3-8e9f-6e5f5839282e,2021-04-13,1,PART_1
246,32ba08c7-668e-44a3-8e9f-6e5f5839282e,2021-04-13,1,PART_2
247,32ba08c7-668e-44a3-8e9f-6e5f5839282e,2021-04-02,1,PART_3
248,32ba08c7-668e-44a3-8e9f-6e5f5839282e,2021-04-07,3,PART_3
249,32ba08c7-668e-44a3-8e9f-6e5f5839282e,2021-04-10,10,PART_3
250,32ba08c7-668e-44a3-8e9f-6e5f5839282e,2021-04-11,5,PART_3
251,32ba08c7-668e-44a3-8e9f-6e5f5839282e,2021-04-11,1,PART_4
252,34e8eaf4-2574-4047-b3dc-cb25aeb475df,2021-05-18,1,PART_1
253,34e8eaf4-2574-4047-b3dc-cb25aeb475df,2021-05-19,2,PART_1
254,34e8eaf4-2574-4047-b3dc-cb25aeb475df,2021-05-20,3,PART_1
255,34e8eaf4-2574-4047-b3dc-cb25aeb475df,2021-05-23,1,PART_1
256,34e8eaf4-2574-4047-b3dc-cb25aeb475df,2021-05-24,2,PART_1
257,34e8eaf4-2574-4047-b3dc-cb25aeb475df,2021-05-18,2,PART_2
258,34e8eaf4-2574-4047-b3dc-cb25aeb475df,2021-05-19,7,PART_2
259,34e8eaf4-2574-4047-b3dc-cb25aeb475df,2021-05-20,2,PART_2
260,34e8eaf4-2574-4047-b3dc-cb25aeb475df,2021-05-23,10,PART_2
261,34e8eaf4-2574-4047-b3dc-cb25aeb475df,2021-05-24,9,PART_2
262,34e8eaf4-2574-4047-b3dc-cb25aeb475df,2021-05-25,11,PART_2
263,34e8eaf4-2574-4047-b3dc-cb25aeb475df,2021-05-18,5,PART_3
264,34e8eaf4-2574-4047-b3dc-cb25aeb475df,2021-05-19,3,PART_3
265,34e8eaf4-2574-4047-b3dc-cb25aeb475df,2021-05-23,2,PART_3
266,34e8eaf4-2574-4047-b3dc-cb25aeb475df,2021-05-24,6,PART_3
267,34e8eaf4-2574-4047-b3dc-cb25aeb475df,2021-05-25,16,PART_3
268,34e8eaf4-2574-4047-b3dc-cb25aeb475df,2021-05-26,1,PART_3
269,34e8eaf4-2574-4047-b3dc-cb25aeb475df,2021-05-18,1,PART_4
270,34e8eaf4-2574-4047-b3dc-cb25aeb475df,2021-05-19,3,PART_4
271,34e8eaf4-2574-4047-b3dc-cb25aeb475df,2021-05-22,3,PART_4
272,34e8eaf4-2574-4047-b3dc-cb25aeb475df,2021-05-23,1,PART_4
273,34e8eaf4-2574-4047-b3dc-cb25aeb475df,2021-05-24,2,PART_4
274,38a30b17-0fdf-47a9-8430-756f15601b43,2021-04-02,1,PART_2
275,3965dc32-fcf3-4a7f-9f6f-b2ebad331463,2021-04-12,1,PART_3
276,396fc6c7-66b3-48e0-939b-157f1d2da6bb,2021-04-05,1,PART_1
277,396fc6c7-66b3-48e0-939b-157f1d2da6bb,2021-04-02,1,PART_2
278,396fc6c7-66b3-48e0-939b-157f1d2da6bb,2021-04-03,1,PART_2
279,396fc6c7-66b3-48e0-939b-157f1d2da6bb,2021-04-04,1,PART_2
280,396fc6c7-66b3-48e0-939b-157f1d2da6bb,2021-04-05,1,PART_2
281,396fc6c7-66b3-48e0-939b-157f1d2da6bb,2021-04-06,1,PART_2
282,396fc6c7-66b3-48e0-939b-157f1d2da6bb,2021-04-02,1,PART_3
283,396fc6c7-66b3-48e0-939b-157f1d2da6bb,2021-04-03,1,PART_3
284,396fc6c7-66b3-48e0-939b-157f1d2da6bb,2021-04-04,1,PART_3
285,396fc6c7-66b3-48e0-939b-157f1d2da6bb,2021-04-05,1,PART_3
286,396fc6c7-66b3-48e0-939b-157f1d2da6bb,2021-04-06,1,PART_3
287,396fc6c7-66b3-48e0-939b-157f1d2da6bb,2021-04-07,1,PART_3
288,396fc6c7-66b3-48e0-939b-157f1d2da6bb,2021-03-31,1,PART_4
289,396fc6c7-66b3-48e0-939b-157f1d2da6bb,2021-04-01,1,PART_4
290,396fc6c7-66b3-48e0-939b-157f1d2da6bb,2021-04-02,1,PART_4
291,396fc6c7-66b3-48e0-939b-157f1d2da6bb,2021-04-03,1,PART_4
292,396fc6c7-66b3-48e0-939b-157f1d2da6bb,2021-04-05,1,PART_4
293,396fc6c7-66b3-48e0-939b-157f1d2da6bb,2021-04-06,1,PART_4
294,399f9351-8cda-413e-94e2-baa009ed2719,2021-04-04,1,PART_1
295,399f9351-8cda-413e-94e2-baa009ed2719,2021-04-05,1,PART_1
296,399f9351-8cda-413e-94e2-baa009ed2719,2021-04-01,7,PART_2
297,399f9351-8cda-413e-94e2-baa009ed2719,2021-04-04,1,PART_2
298,399f9351-8cda-413e-94e2-baa009ed2719,2021-04-05,1,PART_2
299,399f9351-8cda-413e-94e2-baa009ed2719,2021-04-06,1,PART_2
300,399f9351-8cda-413e-94e2-baa009ed2719,2021-04-01,3,PART_3
301,399f9351-8cda-413e-94e2-baa009ed2719,2021-04-02,1,PART_3
302,399f9351-8cda-413e-94e2-baa009ed2719,2021-04-04,1,PART_3
303,399f9351-8cda-413e-94e2-baa009ed2719,2021-04-04,1,PART_4
304,3a14b159-bea9-4f66-bc30-abe0eb52e7bd,2021-04-18,1,PART_2
305,3a14b159-bea9-4f66-bc30-abe0eb52e7bd,2021-04-19,1,PART_2
306,3a14b159-bea9-4f66-bc30-abe0eb52e7bd,2021-04-13,1,PART_3
307,3a14b159-bea9-4f66-bc30-abe0eb52e7bd,2021-04-17,1,PART_3
308,3a14b159-bea9-4f66-bc30-abe0eb52e7bd,2021-04-18,1,PART_3
309,3a14b159-bea9-4f66-bc30-abe0eb52e7bd,2021-04-19,1,PART_3
310,3d0debe8-6d3a-4ae0-8c4a-8bef33bffd56,2020-12-11,1,PART_1
311,3d0debe8-6d3a-4ae0-8c4a-8bef33bffd56,2020-12-12,1,PART_1
312,3d0debe8-6d3a-4ae0-8c4a-8bef33bffd56,2020-12-13,1,PART_1
313,3d0debe8-6d3a-4ae0-8c4a-8bef33bffd56,2020-12-14,1,PART_1
314,3d0debe8-6d3a-4ae0-8c4a-8bef33bffd56,2020-12-15,1,PART_1
315,3d0debe8-6d3a-4ae0-8c4a-8bef33bffd56,2020-12-10,1,PART_2
316,3d0debe8-6d3a-4ae0-8c4a-8bef33bffd56,2020-12-11,3,PART_2
317,3d0debe8-6d3a-4ae0-8c4a-8bef33bffd56,2020-12-12,1,PART_2
318,3d0debe8-6d3a-4ae0-8c4a-8bef33bffd56,2020-12-13,1,PART_2
319,3d0debe8-6d3a-4ae0-8c4a-8bef33bffd56,2020-12-14,1,PART_2
320,3d0debe8-6d3a-4ae0-8c4a-8bef33bffd56,2020-12-15,1,PART_2
321,3d0debe8-6d3a-4ae0-8c4a-8bef33bffd56,2020-12-09,1,PART_3
322,3d0debe8-6d3a-4ae0-8c4a-8bef33bffd56,2020-12-10,3,PART_3
323,3d0debe8-6d3a-4ae0-8c4a-8bef33bffd56,2020-12-11,1,PART_3
324,3d0debe8-6d3a-4ae0-8c4a-8bef33bffd56,2020-12-12,2,PART_3
325,3d0debe8-6d3a-4ae0-8c4a-8bef33bffd56,2020-12-13,1,PART_3
326,3d0debe8-6d3a-4ae0-8c4a-8bef33bffd56,2020-12-14,1,PART_3
327,3d0debe8-6d3a-4ae0-8c4a-8bef33bffd56,2020-12-15,1,PART_3
328,3d0debe8-6d3a-4ae0-8c4a-8bef33bffd56,2020-12-10,2,PART_4
329,3d0debe8-6d3a-4ae0-8c4a-8bef33bffd56,2020-12-11,1,PART_4
330,3d0debe8-6d3a-4ae0-8c4a-8bef33bffd56,2020-12-12,1,PART_4
331,3d0debe8-6d3a-4ae0-8c4a-8bef33bffd56,2020-12-13,1,PART_4
332,3d0debe8-6d3a-4ae0-8c4a-8bef33bffd56,2020-12-14,1,PART_4
333,4151ba55-bd5d-4914-a2e8-c2c51efbd7cd,2021-05-27,1,PART_1
334,4151ba55-bd5d-4914-a2e8-c2c51efbd7cd,2021-05-18,22,PART_2
335,4151ba55-bd5d-4914-a2e8-c2c51efbd7cd,2021-05-19,1,PART_2
336,4151ba55-bd5d-4914-a2e8-c2c51efbd7cd,2021-05-26,1,PART_2
337,4151ba55-bd5d-4914-a2e8-c2c51efbd7cd,2021-05-18,15,PART_3
338,4151ba55-bd5d-4914-a2e8-c2c51efbd7cd,2021-05-26,1,PART_3
339,4151ba55-bd5d-4914-a2e8-c2c51efbd7cd,2021-05-26,1,PART_4
340,43ac9987-5fb6-4c1f-a700-99b873cfc214,2021-04-14,1,PART_3
341,459a5898-acb9-4735-b5a6-3b532d4b63a3,2021-03-31,2,PART_2
342,459a5898-acb9-4735-b5a6-3b532d4b63a3,2021-04-05,3,PART_2
343,475d0148-1ae7-4407-936d-df9b3f3d1b32,2021-04-26,1,PART_1
344,475d0148-1ae7-4407-936d-df9b3f3d1b32,2021-04-14,1,PART_2
345,475d0148-1ae7-4407-936d-df9b3f3d1b32,2021-04-20,1,PART_2
346,475d0148-1ae7-4407-936d-df9b3f3d1b32,2021-04-24,1,PART_2
347,475d0148-1ae7-4407-936d-df9b3f3d1b32,2021-04-19,1,PART_3
348,475d0148-1ae7-4407-936d-df9b3f3d1b32,2021-04-21,1,PART_3
349,475d0148-1ae7-4407-936d-df9b3f3d1b32,2021-04-23,1,PART_3
350,47bdefcf-896e-4e7b-b61b-caf6b1d92d56,2021-02-10,3,PART_1
351,47bdefcf-896e-4e7b-b61b-caf6b1d92d56,2021-02-11,17,PART_1
352,47bdefcf-896e-4e7b-b61b-caf6b1d92d56,2021-02-12,8,PART_1
353,47bdefcf-896e-4e7b-b61b-caf6b1d92d56,2021-02-13,5,PART_1
354,47bdefcf-896e-4e7b-b61b-caf6b1d92d56,2021-02-14,13,PART_1
355,47bdefcf-896e-4e7b-b61b-caf6b1d92d56,2021-02-15,9,PART_1
356,47bdefcf-896e-4e7b-b61b-caf6b1d92d56,2021-02-16,14,PART_1
357,47bdefcf-896e-4e7b-b61b-caf6b1d92d56,2021-02-17,7,PART_1
358,47bdefcf-896e-4e7b-b61b-caf6b1d92d56,2021-02-18,5,PART_1
359,47bdefcf-896e-4e7b-b61b-caf6b1d92d56,2021-02-19,9,PART_1
360,47bdefcf-896e-4e7b-b61b-caf6b1d92d56,2021-02-20,6,PART_1
361,47bdefcf-896e-4e7b-b61b-caf6b1d92d56,2021-02-21,10,PART_1
362,47bdefcf-896e-4e7b-b61b-caf6b1d92d56,2021-02-09,17,PART_2
363,47bdefcf-896e-4e7b-b61b-caf6b1d92d56,2021-02-10,21,PART_2
364,47bdefcf-896e-4e7b-b61b-caf6b1d92d56,2021-02-11,27,PART_2
365,47bdefcf-896e-4e7b-b61b-caf6b1d92d56,2021-02-12,24,PART_2
366,47bdefcf-896e-4e7b-b61b-caf6b1d92d56,2021-02-13,23,PART_2
367,47bdefcf-896e-4e7b-b61b-caf6b1d92d56,2021-02-14,27,PART_2
368,47bdefcf-896e-4e7b-b61b-caf6b1d92d56,2021-02-15,21,PART_2
369,47bdefcf-896e-4e7b-b61b-caf6b1d92d56,2021-02-16,15,PART_2
370,47bdefcf-896e-4e7b-b61b-caf6b1d92d56,2021-02-17,15,PART_2
371,47bdefcf-896e-4e7b-b61b-caf6b1d92d56,2021-02-18,16,PART_2
372,47bdefcf-896e-4e7b-b61b-caf6b1d92d56,2021-02-19,16,PART_2
373,47bdefcf-896e-4e7b-b61b-caf6b1d92d56,2021-02-20,18,PART_2
374,47bdefcf-896e-4e7b-b61b-caf6b1d92d56,2021-02-21,13,PART_2
375,47bdefcf-896e-4e7b-b61b-caf6b1d92d56,2021-02-09,28,PART_3
376,47bdefcf-896e-4e7b-b61b-caf6b1d92d56,2021-02-10,65,PART_3
377,47bdefcf-896e-4e7b-b61b-caf6b1d92d56,2021-02-11,49,PART_3
378,47bdefcf-896e-4e7b-b61b-caf6b1d92d56,2021-02-12,19,PART_3
379,47bdefcf-896e-4e7b-b61b-caf6b1d92d56,2021-02-13,43,PART_3
380,47bdefcf-896e-4e7b-b61b-caf6b1d92d56,2021-02-14,25,PART_3
381,47bdefcf-896e-4e7b-b61b-caf6b1d92d56,2021-02-15,39,PART_3
382,47bdefcf-896e-4e7b-b61b-caf6b1d92d56,2021-02-16,22,PART_3
383,47bdefcf-896e-4e7b-b61b-caf6b1d92d56,2021-02-17,21,PART_3
384,47bdefcf-896e-4e7b-b61b-caf6b1d92d56,2021-02-18,30,PART_3
385,47bdefcf-896e-4e7b-b61b-caf6b1d92d56,2021-02-19,18,PART_3
386,47bdefcf-896e-4e7b-b61b-caf6b1d92d56,2021-02-20,15,PART_3
387,47bdefcf-896e-4e7b-b61b-caf6b1d92d56,2021-02-09,13,PART_4
388,47bdefcf-896e-4e7b-b61b-caf6b1d92d56,2021-02-10,7,PART_4
389,47bdefcf-896e-4e7b-b61b-caf6b1d92d56,2021-02-11,17,PART_4
390,47bdefcf-896e-4e7b-b61b-caf6b1d92d56,2021-02-12,19,PART_4
391,47bdefcf-896e-4e7b-b61b-caf6b1d92d56,2021-02-13,21,PART_4
392,47bdefcf-896e-4e7b-b61b-caf6b1d92d56,2021-02-14,12,PART_4
393,47bdefcf-896e-4e7b-b61b-caf6b1d92d56,2021-02-15,14,PART_4
394,47bdefcf-896e-4e7b-b61b-caf6b1d92d56,2021-02-16,18,PART_4
395,47bdefcf-896e-4e7b-b61b-caf6b1d92d56,2021-02-17,15,PART_4
396,47bdefcf-896e-4e7b-b61b-caf6b1d92d56,2021-02-18,10,PART_4
397,47bdefcf-896e-4e7b-b61b-caf6b1d92d56,2021-02-19,12,PART_4
398,47bdefcf-896e-4e7b-b61b-caf6b1d92d56,2021-02-20,10,PART_4
399,47f4825a-8b97-43bf-b76a-2a53992b6b1b,2021-04-20,17,PART_1
400,47f4825a-8b97-43bf-b76a-2a53992b6b1b,2021-04-21,22,PART_1
401,47f4825a-8b97-43bf-b76a-2a53992b6b1b,2021-04-20,13,PART_2
402,47f4825a-8b97-43bf-b76a-2a53992b6b1b,2021-04-18,6,PART_3
403,47f4825a-8b97-43bf-b76a-2a53992b6b1b,2021-04-23,2,PART_3
404,47f4825a-8b97-43bf-b76a-2a53992b6b1b,2021-04-19,1,PART_4
405,4cb7d565-b49a-40fb-b6d6-1d5dc6e354d2,2021-04-02,2,PART_1
406,4cb7d565-b49a-40fb-b6d6-1d5dc6e354d2,2021-04-03,2,PART_1
407,4cb7d565-b49a-40fb-b6d6-1d5dc6e354d2,2021-04-04,7,PART_1
408,4cb7d565-b49a-40fb-b6d6-1d5dc6e354d2,2021-04-05,7,PART_1
409,4cb7d565-b49a-40fb-b6d6-1d5dc6e354d2,2021-04-06,7,PART_1
410,4cb7d565-b49a-40fb-b6d6-1d5dc6e354d2,2021-04-07,7,PART_1
411,4cb7d565-b49a-40fb-b6d6-1d5dc6e354d2,2021-04-08,1,PART_1
412,4cb7d565-b49a-40fb-b6d6-1d5dc6e354d2,2021-04-02,3,PART_2
413,4cb7d565-b49a-40fb-b6d6-1d5dc6e354d2,2021-04-03,3,PART_2
414,4cb7d565-b49a-40fb-b6d6-1d5dc6e354d2,2021-04-04,3,PART_2
415,4cb7d565-b49a-40fb-b6d6-1d5dc6e354d2,2021-04-05,2,PART_2
416,4cb7d565-b49a-40fb-b6d6-1d5dc6e354d2,2021-04-06,2,PART_2
417,4cb7d565-b49a-40fb-b6d6-1d5dc6e354d2,2021-04-07,2,PART_2
418,4cb7d565-b49a-40fb-b6d6-1d5dc6e354d2,2021-04-08,3,PART_2
419,4cb7d565-b49a-40fb-b6d6-1d5dc6e354d2,2021-04-09,7,PART_2
420,4cb7d565-b49a-40fb-b6d6-1d5dc6e354d2,2021-04-01,2,PART_3
421,4cb7d565-b49a-40fb-b6d6-1d5dc6e354d2,2021-04-02,2,PART_3
422,4cb7d565-b49a-40fb-b6d6-1d5dc6e354d2,2021-04-03,8,PART_3
423,4cb7d565-b49a-40fb-b6d6-1d5dc6e354d2,2021-04-04,10,PART_3
424,4cb7d565-b49a-40fb-b6d6-1d5dc6e354d2,2021-04-05,10,PART_3
425,4cb7d565-b49a-40fb-b6d6-1d5dc6e354d2,2021-04-06,1,PART_3
426,4cb7d565-b49a-40fb-b6d6-1d5dc6e354d2,2021-04-07,7,PART_3
427,4cb7d565-b49a-40fb-b6d6-1d5dc6e354d2,2021-04-08,9,PART_3
428,4cb7d565-b49a-40fb-b6d6-1d5dc6e354d2,2021-04-01,2,PART_4
429,4cb7d565-b49a-40fb-b6d6-1d5dc6e354d2,2021-04-02,1,PART_4
430,4cb7d565-b49a-40fb-b6d6-1d5dc6e354d2,2021-04-03,6,PART_4
431,4cb7d565-b49a-40fb-b6d6-1d5dc6e354d2,2021-04-04,8,PART_4
432,4cb7d565-b49a-40fb-b6d6-1d5dc6e354d2,2021-04-05,5,PART_4
433,4cb7d565-b49a-40fb-b6d6-1d5dc6e354d2,2021-04-07,6,PART_4
434,4e232dd4-b244-4391-9b61-a91efc9ee2a8,2021-05-20,1,PART_1
435,4e232dd4-b244-4391-9b61-a91efc9ee2a8,2021-05-21,1,PART_1
436,4e232dd4-b244-4391-9b61-a91efc9ee2a8,2021-05-22,1,PART_1
437,4e232dd4-b244-4391-9b61-a91efc9ee2a8,2021-05-23,1,PART_1
438,4e232dd4-b244-4391-9b61-a91efc9ee2a8,2021-05-24,1,PART_1
439,4e232dd4-b244-4391-9b61-a91efc9ee2a8,2021-05-25,1,PART_1
440,4e232dd4-b244-4391-9b61-a91efc9ee2a8,2021-05-26,1,PART_1
441,4e232dd4-b244-4391-9b61-a91efc9ee2a8,2021-05-20,1,PART_2
442,4e232dd4-b244-4391-9b61-a91efc9ee2a8,2021-05-21,1,PART_2
443,4e232dd4-b244-4391-9b61-a91efc9ee2a8,2021-05-22,1,PART_2
444,4e232dd4-b244-4391-9b61-a91efc9ee2a8,2021-05-23,1,PART_2
445,4e232dd4-b244-4391-9b61-a91efc9ee2a8,2021-05-24,1,PART_2
446,4e232dd4-b244-4391-9b61-a91efc9ee2a8,2021-05-25,1,PART_2
447,4e232dd4-b244-4391-9b61-a91efc9ee2a8,2021-05-19,1,PART_3
448,4e232dd4-b244-4391-9b61-a91efc9ee2a8,2021-05-20,1,PART_3
449,4e232dd4-b244-4391-9b61-a91efc9ee2a8,2021-05-21,1,PART_3
450,4e232dd4-b244-4391-9b61-a91efc9ee2a8,2021-05-22,1,PART_3
451,4e232dd4-b244-4391-9b61-a91efc9ee2a8,2021-05-23,1,PART_3
452,4e232dd4-b244-4391-9b61-a91efc9ee2a8,2021-05-24,1,PART_3
453,4e232dd4-b244-4391-9b61-a91efc9ee2a8,2021-05-25,1,PART_3
454,4e232dd4-b244-4391-9b61-a91efc9ee2a8,2021-05-19,1,PART_4
455,4e232dd4-b244-4391-9b61-a91efc9ee2a8,2021-05-20,1,PART_4
456,4e232dd4-b244-4391-9b61-a91efc9ee2a8,2021-05-21,5,PART_4
457,4e232dd4-b244-4391-9b61-a91efc9ee2a8,2021-05-22,1,PART_4
458,4e232dd4-b244-4391-9b61-a91efc9ee2a8,2021-05-23,1,PART_4
459,4e232dd4-b244-4391-9b61-a91efc9ee2a8,2021-05-24,1,PART_4
460,4e232dd4-b244-4391-9b61-a91efc9ee2a8,2021-05-25,1,PART_4
461,5287d30c-3fc9-443b-8a14-5d3940820391,2021-05-24,1,PART_1
462,5287d30c-3fc9-443b-8a14-5d3940820391,2021-05-26,1,PART_2
463,5287d30c-3fc9-443b-8a14-5d3940820391,2021-05-18,4,PART_3
464,5287d30c-3fc9-443b-8a14-5d3940820391,2021-05-22,2,PART_3
465,5287d30c-3fc9-443b-8a14-5d3940820391,2021-05-21,1,PART_4
466,5671f281-3abb-49e5-9537-9d0ca7ffeba3,2021-04-02,1,PART_2
467,5834390f-4f19-464a-a5b4-bcf8d5f21914,2021-04-12,2,PART_1
468,5834390f-4f19-464a-a5b4-bcf8d5f21914,2021-04-13,1,PART_1
469,5834390f-4f19-464a-a5b4-bcf8d5f21914,2021-04-14,55,PART_1
470,5834390f-4f19-464a-a5b4-bcf8d5f21914,2021-04-15,1,PART_1
471,5834390f-4f19-464a-a5b4-bcf8d5f21914,2021-04-16,2,PART_1
472,5834390f-4f19-464a-a5b4-bcf8d5f21914,2021-04-18,2,PART_1
473,5834390f-4f19-464a-a5b4-bcf8d5f21914,2021-04-12,2,PART_2
474,5834390f-4f19-464a-a5b4-bcf8d5f21914,2021-04-13,2,PART_2
475,5834390f-4f19-464a-a5b4-bcf8d5f21914,2021-04-14,80,PART_2
476,5834390f-4f19-464a-a5b4-bcf8d5f21914,2021-04-15,31,PART_2
477,5834390f-4f19-464a-a5b4-bcf8d5f21914,2021-04-16,9,PART_2
478,5834390f-4f19-464a-a5b4-bcf8d5f21914,2021-04-17,18,PART_2
479,5834390f-4f19-464a-a5b4-bcf8d5f21914,2021-04-18,28,PART_2
480,5834390f-4f19-464a-a5b4-bcf8d5f21914,2021-04-12,2,PART_3
481,5834390f-4f19-464a-a5b4-bcf8d5f21914,2021-04-13,3,PART_3
482,5834390f-4f19-464a-a5b4-bcf8d5f21914,2021-04-14,15,PART_3
483,5834390f-4f19-464a-a5b4-bcf8d5f21914,2021-04-15,12,PART_3
484,5834390f-4f19-464a-a5b4-bcf8d5f21914,2021-04-16,19,PART_3
485,5834390f-4f19-464a-a5b4-bcf8d5f21914,2021-04-17,26,PART_3
486,5834390f-4f19-464a-a5b4-bcf8d5f21914,2021-04-18,42,PART_3
487,5834390f-4f19-464a-a5b4-bcf8d5f21914,2021-04-14,1,PART_4
488,5834390f-4f19-464a-a5b4-bcf8d5f21914,2021-04-15,1,PART_4
489,5834390f-4f19-464a-a5b4-bcf8d5f21914,2021-04-16,11,PART_4
490,5834390f-4f19-464a-a5b4-bcf8d5f21914,2021-04-17,1,PART_4
491,58400cd0-ace4-453b-841f-7e765f83b9f1,2021-05-19,1,PART_1
492,58400cd0-ace4-453b-841f-7e765f83b9f1,2021-05-20,1,PART_1
493,58400cd0-ace4-453b-841f-7e765f83b9f1,2021-05-21,1,PART_1
494,58400cd0-ace4-453b-841f-7e765f83b9f1,2021-05-22,1,PART_1
495,58400cd0-ace4-453b-841f-7e765f83b9f1,2021-05-23,1,PART_1
496,58400cd0-ace4-453b-841f-7e765f83b9f1,2021-05-24,1,PART_1
497,58400cd0-ace4-453b-841f-7e765f83b9f1,2021-05-25,1,PART_1
498,58400cd0-ace4-453b-841f-7e765f83b9f1,2021-05-26,1,PART_1
499,58400cd0-ace4-453b-841f-7e765f83b9f1,2021-05-27,1,PART_1
500,58400cd0-ace4-453b-841f-7e765f83b9f1,2021-05-28,1,PART_1
501,58400cd0-ace4-453b-841f-7e765f83b9f1,2021-05-18,1,PART_2
502,58400cd0-ace4-453b-841f-7e765f83b9f1,2021-05-19,1,PART_2
503,58400cd0-ace4-453b-841f-7e765f83b9f1,2021-05-20,1,PART_2
504,58400cd0-ace4-453b-841f-7e765f83b9f1,2021-05-21,1,PART_2
505,58400cd0-ace4-453b-841f-7e765f83b9f1,2021-05-22,1,PART_2
506,58400cd0-ace4-453b-841f-7e765f83b9f1,2021-05-23,1,PART_2
507,58400cd0-ace4-453b-841f-7e765f83b9f1,2021-05-24,1,PART_2
508,58400cd0-ace4-453b-841f-7e765f83b9f1,2021-05-25,1,PART_2
509,58400cd0-ace4-453b-841f-7e765f83b9f1,2021-05-26,1,PART_2
510,58400cd0-ace4-453b-841f-7e765f83b9f1,2021-05-27,1,PART_2
511,58400cd0-ace4-453b-841f-7e765f83b9f1,2021-05-28,1,PART_2
512,58400cd0-ace4-453b-841f-7e765f83b9f1,2021-05-18,1,PART_3
513,58400cd0-ace4-453b-841f-7e765f83b9f1,2021-05-19,1,PART_3
514,58400cd0-ace4-453b-841f-7e765f83b9f1,2021-05-20,1,PART_3
515,58400cd0-ace4-453b-841f-7e765f83b9f1,2021-05-21,1,PART_3
516,58400cd0-ace4-453b-841f-7e765f83b9f1,2021-05-22,1,PART_3
517,58400cd0-ace4-453b-841f-7e765f83b9f1,2021-05-23,1,PART_3
518,58400cd0-ace4-453b-841f-7e765f83b9f1,2021-05-24,1,PART_3
519,58400cd0-ace4-453b-841f-7e765f83b9f1,2021-05-25,1,PART_3
520,58400cd0-ace4-453b-841f-7e765f83b9f1,2021-05-26,1,PART_3
521,58400cd0-ace4-453b-841f-7e765f83b9f1,2021-05-27,1,PART_3
522,58400cd0-ace4-453b-841f-7e765f83b9f1,2021-05-18,1,PART_4
523,58400cd0-ace4-453b-841f-7e765f83b9f1,2021-05-19,1,PART_4
524,58400cd0-ace4-453b-841f-7e765f83b9f1,2021-05-20,1,PART_4
525,58400cd0-ace4-453b-841f-7e765f83b9f1,2021-05-21,1,PART_4
526,58400cd0-ace4-453b-841f-7e765f83b9f1,2021-05-22,1,PART_4
527,58400cd0-ace4-453b-841f-7e765f83b9f1,2021-05-23,1,PART_4
528,58400cd0-ace4-453b-841f-7e765f83b9f1,2021-05-24,1,PART_4
529,58400cd0-ace4-453b-841f-7e765f83b9f1,2021-05-25,1,PART_4
530,58400cd0-ace4-453b-841f-7e765f83b9f1,2021-05-26,1,PART_4
531,58400cd0-ace4-453b-841f-7e765f83b9f1,2021-05-27,1,PART_4
532,5ae91c11-7e85-45ab-9cd8-cfee4fe19109,2021-04-03,7,PART_1
533,5ae91c11-7e85-45ab-9cd8-cfee4fe19109,2021-04-04,17,PART_1
534,5ae91c11-7e85-45ab-9cd8-cfee4fe19109,2021-04-05,46,PART_1
535,5ae91c11-7e85-45ab-9cd8-cfee4fe19109,2021-04-06,38,PART_1
536,5ae91c11-7e85-45ab-9cd8-cfee4fe19109,2021-04-07,52,PART_1
537,5ae91c11-7e85-45ab-9cd8-cfee4fe19109,2021-04-08,39,PART_1
538,5ae91c11-7e85-45ab-9cd8-cfee4fe19109,2021-04-09,19,PART_1
539,5ae91c11-7e85-45ab-9cd8-cfee4fe19109,2021-04-02,2,PART_2
540,5ae91c11-7e85-45ab-9cd8-cfee4fe19109,2021-04-03,7,PART_2
541,5ae91c11-7e85-45ab-9cd8-cfee4fe19109,2021-04-04,5,PART_2
542,5ae91c11-7e85-45ab-9cd8-cfee4fe19109,2021-04-05,73,PART_2
543,5ae91c11-7e85-45ab-9cd8-cfee4fe19109,2021-04-06,38,PART_2
544,5ae91c11-7e85-45ab-9cd8-cfee4fe19109,2021-04-07,85,PART_2
545,5ae91c11-7e85-45ab-9cd8-cfee4fe19109,2021-04-08,30,PART_2
546,5ae91c11-7e85-45ab-9cd8-cfee4fe19109,2021-04-09,36,PART_2
547,5ae91c11-7e85-45ab-9cd8-cfee4fe19109,2021-04-02,17,PART_3
548,5ae91c11-7e85-45ab-9cd8-cfee4fe19109,2021-04-03,15,PART_3
549,5ae91c11-7e85-45ab-9cd8-cfee4fe19109,2021-04-04,9,PART_3
550,5ae91c11-7e85-45ab-9cd8-cfee4fe19109,2021-04-05,69,PART_3
551,5ae91c11-7e85-45ab-9cd8-cfee4fe19109,2021-04-06,61,PART_3
552,5ae91c11-7e85-45ab-9cd8-cfee4fe19109,2021-04-07,41,PART_3
553,5ae91c11-7e85-45ab-9cd8-cfee4fe19109,2021-04-08,34,PART_3
554,5ae91c11-7e85-45ab-9cd8-cfee4fe19109,2021-04-09,32,PART_3
555,5ae91c11-7e85-45ab-9cd8-cfee4fe19109,2021-04-02,8,PART_4
556,5ae91c11-7e85-45ab-9cd8-cfee4fe19109,2021-04-03,8,PART_4
557,5ae91c11-7e85-45ab-9cd8-cfee4fe19109,2021-04-04,8,PART_4
558,5ae91c11-7e85-45ab-9cd8-cfee4fe19109,2021-04-05,8,PART_4
559,5ae91c11-7e85-45ab-9cd8-cfee4fe19109,2021-04-06,8,PART_4
560,5ae91c11-7e85-45ab-9cd8-cfee4fe19109,2021-04-07,5,PART_4
561,5ae91c11-7e85-45ab-9cd8-cfee4fe19109,2021-04-08,7,PART_4
562,5ae91c11-7e85-45ab-9cd8-cfee4fe19109,2021-04-09,8,PART_4
563,5df8dbad-b63f-4e1c-8d6b-61d7d97d60ca,2021-04-09,7,PART_1
564,5df8dbad-b63f-4e1c-8d6b-61d7d97d60ca,2021-04-14,1,PART_1
565,5df8dbad-b63f-4e1c-8d6b-61d7d97d60ca,2021-04-08,3,PART_2
566,5df8dbad-b63f-4e1c-8d6b-61d7d97d60ca,2021-04-11,2,PART_2
567,5df8dbad-b63f-4e1c-8d6b-61d7d97d60ca,2021-04-13,1,PART_2
568,5df8dbad-b63f-4e1c-8d6b-61d7d97d60ca,2021-04-19,4,PART_2
569,5df8dbad-b63f-4e1c-8d6b-61d7d97d60ca,2021-04-08,4,PART_3
570,5df8dbad-b63f-4e1c-8d6b-61d7d97d60ca,2021-04-13,1,PART_4
571,644d9e5c-61d3-48cf-9562-100196fc829e,2021-05-18,3,PART_2
572,644d9e5c-61d3-48cf-9562-100196fc829e,2021-05-18,1,PART_3
573,6f5dd3f4-da12-40f5-8359-3a401d1e6b07,2021-04-11,4,PART_3
574,768f5c9d-bb6c-4938-b3d2-260c053ffc7a,2021-04-12,6,PART_1
575,768f5c9d-bb6c-4938-b3d2-260c053ffc7a,2021-04-13,6,PART_1
576,768f5c9d-bb6c-4938-b3d2-260c053ffc7a,2021-04-14,6,PART_1
577,768f5c9d-bb6c-4938-b3d2-260c053ffc7a,2021-04-15,6,PART_1
578,768f5c9d-bb6c-4938-b3d2-260c053ffc7a,2021-04-16,5,PART_1
579,768f5c9d-bb6c-4938-b3d2-260c053ffc7a,2021-04-18,7,PART_1
580,768f5c9d-bb6c-4938-b3d2-260c053ffc7a,2021-04-19,6,PART_1
581,768f5c9d-bb6c-4938-b3d2-260c053ffc7a,2021-04-12,7,PART_2
582,768f5c9d-bb6c-4938-b3d2-260c053ffc7a,2021-04-15,7,PART_2
583,768f5c9d-bb6c-4938-b3d2-260c053ffc7a,2021-04-18,3,PART_2
584,768f5c9d-bb6c-4938-b3d2-260c053ffc7a,2021-04-10,5,PART_3
585,768f5c9d-bb6c-4938-b3d2-260c053ffc7a,2021-04-12,6,PART_3
586,768f5c9d-bb6c-4938-b3d2-260c053ffc7a,2021-04-13,3,PART_3
587,768f5c9d-bb6c-4938-b3d2-260c053ffc7a,2021-04-17,6,PART_3
588,768f5c9d-bb6c-4938-b3d2-260c053ffc7a,2021-04-11,6,PART_4
589,768f5c9d-bb6c-4938-b3d2-260c053ffc7a,2021-04-12,5,PART_4
590,768f5c9d-bb6c-4938-b3d2-260c053ffc7a,2021-04-13,6,PART_4
591,768f5c9d-bb6c-4938-b3d2-260c053ffc7a,2021-04-14,5,PART_4
592,768f5c9d-bb6c-4938-b3d2-260c053ffc7a,2021-04-15,6,PART_4
593,768f5c9d-bb6c-4938-b3d2-260c053ffc7a,2021-04-17,6,PART_4
594,768f5c9d-bb6c-4938-b3d2-260c053ffc7a,2021-04-18,6,PART_4
595,76a5b364-c65c-41a8-a8c0-2afc6a79d96f,2021-05-20,11,PART_3
596,78d6802f-b609-455e-ab6d-170ebc4bbe9c,2021-03-31,11,PART_1
597,78d6802f-b609-455e-ab6d-170ebc4bbe9c,2021-04-01,9,PART_1
598,78d6802f-b609-455e-ab6d-170ebc4bbe9c,2021-04-02,8,PART_1
599,78d6802f-b609-455e-ab6d-170ebc4bbe9c,2021-04-03,10,PART_1
600,78d6802f-b609-455e-ab6d-170ebc4bbe9c,2021-04-04,9,PART_1
601,78d6802f-b609-455e-ab6d-170ebc4bbe9c,2021-04-05,12,PART_1
602,78d6802f-b609-455e-ab6d-170ebc4bbe9c,2021-04-06,7,PART_1
603,78d6802f-b609-455e-ab6d-170ebc4bbe9c,2021-04-07,8,PART_1
604,78d6802f-b609-455e-ab6d-170ebc4bbe9c,2021-03-30,10,PART_2
605,78d6802f-b609-455e-ab6d-170ebc4bbe9c,2021-03-31,11,PART_2
606,78d6802f-b609-455e-ab6d-170ebc4bbe9c,2021-04-01,15,PART_2
607,78d6802f-b609-455e-ab6d-170ebc4bbe9c,2021-04-02,12,PART_2
608,78d6802f-b609-455e-ab6d-170ebc4bbe9c,2021-04-03,6,PART_2
609,78d6802f-b609-455e-ab6d-170ebc4bbe9c,2021-04-04,8,PART_2
610,78d6802f-b609-455e-ab6d-170ebc4bbe9c,2021-04-05,5,PART_2
611,78d6802f-b609-455e-ab6d-170ebc4bbe9c,2021-04-06,4,PART_2
612,78d6802f-b609-455e-ab6d-170ebc4bbe9c,2021-04-07,10,PART_2
613,78d6802f-b609-455e-ab6d-170ebc4bbe9c,2021-03-30,14,PART_3
614,78d6802f-b609-455e-ab6d-170ebc4bbe9c,2021-03-31,11,PART_3
615,78d6802f-b609-455e-ab6d-170ebc4bbe9c,2021-04-01,11,PART_3
616,78d6802f-b609-455e-ab6d-170ebc4bbe9c,2021-04-02,12,PART_3
617,78d6802f-b609-455e-ab6d-170ebc4bbe9c,2021-04-03,12,PART_3
618,78d6802f-b609-455e-ab6d-170ebc4bbe9c,2021-04-04,17,PART_3
619,78d6802f-b609-455e-ab6d-170ebc4bbe9c,2021-04-05,8,PART_3
620,78d6802f-b609-455e-ab6d-170ebc4bbe9c,2021-04-06,14,PART_3
621,78d6802f-b609-455e-ab6d-170ebc4bbe9c,2021-04-07,3,PART_3
622,78d6802f-b609-455e-ab6d-170ebc4bbe9c,2021-03-30,13,PART_4
623,78d6802f-b609-455e-ab6d-170ebc4bbe9c,2021-03-31,12,PART_4
624,78d6802f-b609-455e-ab6d-170ebc4bbe9c,2021-04-01,11,PART_4
625,78d6802f-b609-455e-ab6d-170ebc4bbe9c,2021-04-02,7,PART_4
626,78d6802f-b609-455e-ab6d-170ebc4bbe9c,2021-04-03,11,PART_4
627,78d6802f-b609-455e-ab6d-170ebc4bbe9c,2021-04-04,8,PART_4
628,78d6802f-b609-455e-ab6d-170ebc4bbe9c,2021-04-05,11,PART_4
629,78d6802f-b609-455e-ab6d-170ebc4bbe9c,2021-04-06,8,PART_4
630,7976240e-2009-4cef-87ca-cda683c48770,2021-04-01,2,PART_3
631,7a50805a-dd4a-4b9c-b7bc-28f2b27f490f,2021-06-20,1,PART_2
632,7a50805a-dd4a-4b9c-b7bc-28f2b27f490f,2021-06-22,1,PART_2
633,7a50805a-dd4a-4b9c-b7bc-28f2b27f490f,2021-06-19,1,PART_3
634,82bce2f3-f6c8-4808-90a6-f13535b09409,2021-05-20,5,PART_1
635,82bce2f3-f6c8-4808-90a6-f13535b09409,2021-05-21,5,PART_1
636,82bce2f3-f6c8-4808-90a6-f13535b09409,2021-05-20,6,PART_2
637,82bce2f3-f6c8-4808-90a6-f13535b09409,2021-05-21,6,PART_2
638,82bce2f3-f6c8-4808-90a6-f13535b09409,2021-05-23,4,PART_2
639,82bce2f3-f6c8-4808-90a6-f13535b09409,2021-05-20,7,PART_3
640,82bce2f3-f6c8-4808-90a6-f13535b09409,2021-05-21,7,PART_3
641,82bce2f3-f6c8-4808-90a6-f13535b09409,2021-05-20,5,PART_4
642,82bce2f3-f6c8-4808-90a6-f13535b09409,2021-05-21,3,PART_4
643,85386662-12c6-4e15-83f6-9300da37898a,2021-04-01,1,PART_1
644,85386662-12c6-4e15-83f6-9300da37898a,2021-04-02,1,PART_1
645,85386662-12c6-4e15-83f6-9300da37898a,2021-04-04,1,PART_1
646,85386662-12c6-4e15-83f6-9300da37898a,2021-04-05,1,PART_1
647,85386662-12c6-4e15-83f6-9300da37898a,2021-04-06,1,PART_1
648,85386662-12c6-4e15-83f6-9300da37898a,2021-04-07,1,PART_1
649,85386662-12c6-4e15-83f6-9300da37898a,2021-04-01,1,PART_2
650,85386662-12c6-4e15-83f6-9300da37898a,2021-04-02,1,PART_2
651,85386662-12c6-4e15-83f6-9300da37898a,2021-04-04,1,PART_2
652,85386662-12c6-4e15-83f6-9300da37898a,2021-04-05,1,PART_2
653,85386662-12c6-4e15-83f6-9300da37898a,2021-04-06,1,PART_2
654,85386662-12c6-4e15-83f6-9300da37898a,2021-04-01,1,PART_3
655,85386662-12c6-4e15-83f6-9300da37898a,2021-04-02,1,PART_3
656,85386662-12c6-4e15-83f6-9300da37898a,2021-04-03,1,PART_3
657,85386662-12c6-4e15-83f6-9300da37898a,2021-04-04,1,PART_3
658,85386662-12c6-4e15-83f6-9300da37898a,2021-04-05,1,PART_3
659,85386662-12c6-4e15-83f6-9300da37898a,2021-04-06,1,PART_3
660,85386662-12c6-4e15-83f6-9300da37898a,2021-04-02,1,PART_4
661,85386662-12c6-4e15-83f6-9300da37898a,2021-04-03,1,PART_4
662,85386662-12c6-4e15-83f6-9300da37898a,2021-04-04,1,PART_4
663,85386662-12c6-4e15-83f6-9300da37898a,2021-04-05,1,PART_4
664,85386662-12c6-4e15-83f6-9300da37898a,2021-04-06,1,PART_4
665,874dcddc-6b3d-46a6-92d0-07d17b1bff52,2021-05-23,7,PART_1
666,874dcddc-6b3d-46a6-92d0-07d17b1bff52,2021-05-24,8,PART_1
667,874dcddc-6b3d-46a6-92d0-07d17b1bff52,2021-05-27,2,PART_1
668,874dcddc-6b3d-46a6-92d0-07d17b1bff52,2021-05-25,12,PART_2
669,874dcddc-6b3d-46a6-92d0-07d17b1bff52,2021-05-20,4,PART_3
670,874dcddc-6b3d-46a6-92d0-07d17b1bff52,2021-05-22,5,PART_3
671,874dcddc-6b3d-46a6-92d0-07d17b1bff52,2021-05-20,11,PART_4
672,899d7083-45bd-448f-83bf-2801451a1eaf,2021-04-07,1,PART_1
673,899d7083-45bd-448f-83bf-2801451a1eaf,2021-04-08,1,PART_1
674,899d7083-45bd-448f-83bf-2801451a1eaf,2021-04-12,2,PART_1
675,899d7083-45bd-448f-83bf-2801451a1eaf,2021-04-07,1,PART_2
676,899d7083-45bd-448f-83bf-2801451a1eaf,2021-04-08,1,PART_2
677,899d7083-45bd-448f-83bf-2801451a1eaf,2021-04-12,1,PART_2
678,899d7083-45bd-448f-83bf-2801451a1eaf,2021-04-13,1,PART_2
679,899d7083-45bd-448f-83bf-2801451a1eaf,2021-04-06,1,PART_3
680,899d7083-45bd-448f-83bf-2801451a1eaf,2021-04-07,1,PART_3
681,899d7083-45bd-448f-83bf-2801451a1eaf,2021-04-08,1,PART_3
682,899d7083-45bd-448f-83bf-2801451a1eaf,2021-04-12,1,PART_3
683,899d7083-45bd-448f-83bf-2801451a1eaf,2021-04-06,1,PART_4
684,899d7083-45bd-448f-83bf-2801451a1eaf,2021-04-07,1,PART_4
685,899d7083-45bd-448f-83bf-2801451a1eaf,2021-04-08,1,PART_4
686,899d7083-45bd-448f-83bf-2801451a1eaf,2021-04-12,1,PART_4
687,8f58f6dd-b151-4307-8a7c-dad8ffd85164,2021-06-07,1,PART_1
688,8f58f6dd-b151-4307-8a7c-dad8ffd85164,2021-06-07,2,PART_2
689,94903104-e074-4b3f-bac2-0237076c53c3,2021-02-14,13,PART_1
690,94903104-e074-4b3f-bac2-0237076c53c3,2021-02-13,18,PART_3
691,94903104-e074-4b3f-bac2-0237076c53c3,2021-02-13,10,PART_4
692,950b0641-5535-4c73-b611-edcd03393432,2021-05-25,1,PART_1
693,950b0641-5535-4c73-b611-edcd03393432,2021-05-27,1,PART_1
694,950b0641-5535-4c73-b611-edcd03393432,2021-05-25,1,PART_2
695,950b0641-5535-4c73-b611-edcd03393432,2021-05-26,1,PART_2
696,950b0641-5535-4c73-b611-edcd03393432,2021-05-27,1,PART_2
697,950b0641-5535-4c73-b611-edcd03393432,2021-05-19,1,PART_3
698,950b0641-5535-4c73-b611-edcd03393432,2021-05-25,1,PART_3
699,950b0641-5535-4c73-b611-edcd03393432,2021-05-26,1,PART_3
700,950b0641-5535-4c73-b611-edcd03393432,2021-05-27,1,PART_3
701,950b0641-5535-4c73-b611-edcd03393432,2021-05-25,1,PART_4
702,950b0641-5535-4c73-b611-edcd03393432,2021-05-26,1,PART_4
703,9684a428-f994-4588-ab54-9907341809db,2021-02-09,3,PART_2
704,974dda86-2d2d-4b38-bc59-29056d4da85a,2021-04-04,1,PART_1
705,974dda86-2d2d-4b38-bc59-29056d4da85a,2021-04-02,1,PART_3
706,974dda86-2d2d-4b38-bc59-29056d4da85a,2021-04-03,2,PART_3
707,974dda86-2d2d-4b38-bc59-29056d4da85a,2021-04-10,1,PART_3
708,974dda86-2d2d-4b38-bc59-29056d4da85a,2021-04-03,1,PART_4
709,98af4108-3eb8-4657-8915-60ef63081bd1,2021-04-08,1,PART_1
710,98af4108-3eb8-4657-8915-60ef63081bd1,2021-04-08,1,PART_2
711,98af4108-3eb8-4657-8915-60ef63081bd1,2021-04-09,1,PART_2
712,98af4108-3eb8-4657-8915-60ef63081bd1,2021-04-10,1,PART_2
713,98af4108-3eb8-4657-8915-60ef63081bd1,2021-04-11,1,PART_2
714,98af4108-3eb8-4657-8915-60ef63081bd1,2021-03-30,1,PART_3
715,98af4108-3eb8-4657-8915-60ef63081bd1,2021-04-08,1,PART_3
716,98af4108-3eb8-4657-8915-60ef63081bd1,2021-04-11,1,PART_3
717,98af4108-3eb8-4657-8915-60ef63081bd1,2021-03-30,1,PART_4
718,98af4108-3eb8-4657-8915-60ef63081bd1,2021-04-07,1,PART_4
719,98af4108-3eb8-4657-8915-60ef63081bd1,2021-04-08,1,PART_4
720,98af4108-3eb8-4657-8915-60ef63081bd1,2021-04-10,1,PART_4
721,9a1f747a-741f-4a25-af19-1aba27eb4c1f,2021-05-24,1,PART_1
722,9a1f747a-741f-4a25-af19-1aba27eb4c1f,2021-05-26,1,PART_1
723,9a1f747a-741f-4a25-af19-1aba27eb4c1f,2021-05-20,1,PART_2
724,9a1f747a-741f-4a25-af19-1aba27eb4c1f,2021-05-21,1,PART_2
725,9a1f747a-741f-4a25-af19-1aba27eb4c1f,2021-05-24,1,PART_2
726,9a1f747a-741f-4a25-af19-1aba27eb4c1f,2021-05-26,1,PART_2
727,9a1f747a-741f-4a25-af19-1aba27eb4c1f,2021-05-27,1,PART_2
728,9a1f747a-741f-4a25-af19-1aba27eb4c1f,2021-05-20,1,PART_3
729,9a1f747a-741f-4a25-af19-1aba27eb4c1f,2021-05-21,1,PART_3
730,9a1f747a-741f-4a25-af19-1aba27eb4c1f,2021-05-22,1,PART_3
731,9a1f747a-741f-4a25-af19-1aba27eb4c1f,2021-05-23,1,PART_3
732,9a1f747a-741f-4a25-af19-1aba27eb4c1f,2021-05-24,1,PART_3
733,9a1f747a-741f-4a25-af19-1aba27eb4c1f,2021-05-26,1,PART_3
734,9a1f747a-741f-4a25-af19-1aba27eb4c1f,2021-05-27,1,PART_3
735,9a1f747a-741f-4a25-af19-1aba27eb4c1f,2021-05-23,1,PART_4
736,9a1f747a-741f-4a25-af19-1aba27eb4c1f,2021-05-25,1,PART_4
737,9e8ac499-af9f-4a34-8bc0-b43af3eac765,2021-05-18,1,PART_2
738,9e8ac499-af9f-4a34-8bc0-b43af3eac765,2021-05-23,1,PART_3
739,9e8ac499-af9f-4a34-8bc0-b43af3eac765,2021-05-19,1,PART_4
740,9e8ac499-af9f-4a34-8bc0-b43af3eac765,2021-05-23,1,PART_4
741,9eacd12f-50d4-4002-99e5-a3b4330497ea,2021-03-03,2,PART_2
742,9eacd12f-50d4-4002-99e5-a3b4330497ea,2021-03-01,4,PART_3
743,9ef8f342-07f1-4884-8d5f-e321acc3031e,2021-02-12,1,PART_1
744,9ef8f342-07f1-4884-8d5f-e321acc3031e,2021-01-21,1,PART_2
745,9ef8f342-07f1-4884-8d5f-e321acc3031e,2021-02-11,3,PART_2
746,9ef8f342-07f1-4884-8d5f-e321acc3031e,2021-01-21,2,PART_3
747,9ef8f342-07f1-4884-8d5f-e321acc3031e,2021-02-11,2,PART_3
748,9ef8f342-07f1-4884-8d5f-e321acc3031e,2021-02-11,2,PART_4
749,a52ba679-4568-4f64-965c-2043909764e6,2021-05-20,1,PART_2
750,a52ba679-4568-4f64-965c-2043909764e6,2021-05-26,5,PART_2
751,a52ba679-4568-4f64-965c-2043909764e6,2021-05-22,5,PART_3
752,a8aebc01-0d35-4f9d-ae72-2870aca58167,2021-06-06,2,PART_1
753,a8aebc01-0d35-4f9d-ae72-2870aca58167,2021-06-13,1,PART_2
754,aa201b4c-2c31-4f3f-bf28-c130cf2ec592,2021-05-22,4,PART_2
755,aa201b4c-2c31-4f3f-bf28-c130cf2ec592,2021-05-24,3,PART_2
756,aa201b4c-2c31-4f3f-bf28-c130cf2ec592,2021-05-26,6,PART_2
757,aa201b4c-2c31-4f3f-bf28-c130cf2ec592,2021-05-18,5,PART_3
758,aa201b4c-2c31-4f3f-bf28-c130cf2ec592,2021-05-21,6,PART_3
759,aa201b4c-2c31-4f3f-bf28-c130cf2ec592,2021-05-23,4,PART_3
760,aa201b4c-2c31-4f3f-bf28-c130cf2ec592,2021-05-25,5,PART_3
761,ac4eb76a-e3da-4956-90f3-02ee809b3339,2021-04-18,2,PART_1
762,ac4eb76a-e3da-4956-90f3-02ee809b3339,2021-04-19,15,PART_1
763,ac4eb76a-e3da-4956-90f3-02ee809b3339,2021-04-20,7,PART_1
764,ac4eb76a-e3da-4956-90f3-02ee809b3339,2021-04-21,8,PART_1
765,ac4eb76a-e3da-4956-90f3-02ee809b3339,2021-04-22,8,PART_1
766,ac4eb76a-e3da-4956-90f3-02ee809b3339,2021-04-23,22,PART_1
767,ac4eb76a-e3da-4956-90f3-02ee809b3339,2021-04-24,7,PART_1
768,ac4eb76a-e3da-4956-90f3-02ee809b3339,2021-04-26,7,PART_1
769,ac4eb76a-e3da-4956-90f3-02ee809b3339,2021-04-19,5,PART_2
770,ac4eb76a-e3da-4956-90f3-02ee809b3339,2021-04-20,11,PART_2
771,ac4eb76a-e3da-4956-90f3-02ee809b3339,2021-04-21,11,PART_2
772,ac4eb76a-e3da-4956-90f3-02ee809b3339,2021-04-23,10,PART_2
773,ac4eb76a-e3da-4956-90f3-02ee809b3339,2021-04-24,10,PART_2
774,ac4eb76a-e3da-4956-90f3-02ee809b3339,2021-04-18,1,PART_3
775,ac4eb76a-e3da-4956-90f3-02ee809b3339,2021-04-19,13,PART_3
776,ac4eb76a-e3da-4956-90f3-02ee809b3339,2021-04-20,11,PART_3
777,ac4eb76a-e3da-4956-90f3-02ee809b3339,2021-04-23,9,PART_3
778,ac4eb76a-e3da-4956-90f3-02ee809b3339,2021-04-25,13,PART_3
779,ac4eb76a-e3da-4956-90f3-02ee809b3339,2021-04-18,1,PART_4
780,ac4eb76a-e3da-4956-90f3-02ee809b3339,2021-04-19,7,PART_4
781,ac4eb76a-e3da-4956-90f3-02ee809b3339,2021-04-20,9,PART_4
782,ac4eb76a-e3da-4956-90f3-02ee809b3339,2021-04-21,7,PART_4
783,ac4eb76a-e3da-4956-90f3-02ee809b3339,2021-04-22,7,PART_4
784,ac4eb76a-e3da-4956-90f3-02ee809b3339,2021-04-25,6,PART_4
785,aded3365-7598-4154-8074-2fff8eae7c5a,2021-04-18,1,PART_1
786,aded3365-7598-4154-8074-2fff8eae7c5a,2021-04-22,1,PART_1
787,aded3365-7598-4154-8074-2fff8eae7c5a,2021-04-23,1,PART_1
788,aded3365-7598-4154-8074-2fff8eae7c5a,2021-04-24,1,PART_1
789,aded3365-7598-4154-8074-2fff8eae7c5a,2021-04-14,1,PART_2
790,aded3365-7598-4154-8074-2fff8eae7c5a,2021-04-22,1,PART_2
791,aded3365-7598-4154-8074-2fff8eae7c5a,2021-04-23,1,PART_2
792,aded3365-7598-4154-8074-2fff8eae7c5a,2021-04-25,1,PART_2
793,aded3365-7598-4154-8074-2fff8eae7c5a,2021-04-26,1,PART_2
794,aded3365-7598-4154-8074-2fff8eae7c5a,2021-04-14,1,PART_3
795,aded3365-7598-4154-8074-2fff8eae7c5a,2021-04-26,1,PART_3
796,aded3365-7598-4154-8074-2fff8eae7c5a,2021-04-21,1,PART_4
797,aded3365-7598-4154-8074-2fff8eae7c5a,2021-04-23,1,PART_4
798,aded3365-7598-4154-8074-2fff8eae7c5a,2021-04-24,1,PART_4
799,aef06b68-bfb4-418f-a591-c4e8a80bad02,2021-04-03,1,PART_2
800,afb70012-911c-4dda-a50f-9776ec3010df,2021-05-23,1,PART_1
801,afb70012-911c-4dda-a50f-9776ec3010df,2021-05-24,1,PART_1
802,afb70012-911c-4dda-a50f-9776ec3010df,2021-05-25,1,PART_1
803,afb70012-911c-4dda-a50f-9776ec3010df,2021-05-26,1,PART_1
804,afb70012-911c-4dda-a50f-9776ec3010df,2021-05-27,1,PART_1
805,afb70012-911c-4dda-a50f-9776ec3010df,2021-05-28,1,PART_1
806,afb70012-911c-4dda-a50f-9776ec3010df,2021-05-29,1,PART_1
807,afb70012-911c-4dda-a50f-9776ec3010df,2021-05-30,1,PART_1
808,afb70012-911c-4dda-a50f-9776ec3010df,2021-05-23,1,PART_2
809,afb70012-911c-4dda-a50f-9776ec3010df,2021-05-24,1,PART_2
810,afb70012-911c-4dda-a50f-9776ec3010df,2021-05-25,1,PART_2
811,afb70012-911c-4dda-a50f-9776ec3010df,2021-05-26,1,PART_2
812,afb70012-911c-4dda-a50f-9776ec3010df,2021-05-27,1,PART_2
813,afb70012-911c-4dda-a50f-9776ec3010df,2021-05-28,1,PART_2
814,afb70012-911c-4dda-a50f-9776ec3010df,2021-05-29,1,PART_2
815,afb70012-911c-4dda-a50f-9776ec3010df,2021-05-22,1,PART_3
816,afb70012-911c-4dda-a50f-9776ec3010df,2021-05-23,1,PART_3
817,afb70012-911c-4dda-a50f-9776ec3010df,2021-05-24,1,PART_3
818,afb70012-911c-4dda-a50f-9776ec3010df,2021-05-25,1,PART_3
819,afb70012-911c-4dda-a50f-9776ec3010df,2021-05-26,1,PART_3
820,afb70012-911c-4dda-a50f-9776ec3010df,2021-05-27,1,PART_3
821,afb70012-911c-4dda-a50f-9776ec3010df,2021-05-28,1,PART_3
822,afb70012-911c-4dda-a50f-9776ec3010df,2021-05-29,1,PART_3
823,afb70012-911c-4dda-a50f-9776ec3010df,2021-05-22,1,PART_4
824,afb70012-911c-4dda-a50f-9776ec3010df,2021-05-23,1,PART_4
825,afb70012-911c-4dda-a50f-9776ec3010df,2021-05-24,1,PART_4
826,afb70012-911c-4dda-a50f-9776ec3010df,2021-05-25,1,PART_4
827,afb70012-911c-4dda-a50f-9776ec3010df,2021-05-26,1,PART_4
828,afb70012-911c-4dda-a50f-9776ec3010df,2021-05-27,1,PART_4
829,afb70012-911c-4dda-a50f-9776ec3010df,2021-05-28,1,PART_4
830,afb70012-911c-4dda-a50f-9776ec3010df,2021-05-29,1,PART_4
831,b11b5080-33d9-43bf-824c-af1643a9765f,2021-04-05,1,PART_1
832,b11b5080-33d9-43bf-824c-af1643a9765f,2021-04-08,1,PART_1
833,b11b5080-33d9-43bf-824c-af1643a9765f,2021-04-05,1,PART_2
834,b11b5080-33d9-43bf-824c-af1643a9765f,2021-04-08,1,PART_2
835,b11b5080-33d9-43bf-824c-af1643a9765f,2021-04-04,1,PART_3
836,b11b5080-33d9-43bf-824c-af1643a9765f,2021-04-06,1,PART_3
837,b11b5080-33d9-43bf-824c-af1643a9765f,2021-04-08,1,PART_3
838,b11b5080-33d9-43bf-824c-af1643a9765f,2021-04-04,1,PART_4
839,b11b5080-33d9-43bf-824c-af1643a9765f,2021-04-06,1,PART_4
840,b11b5080-33d9-43bf-824c-af1643a9765f,2021-04-08,1,PART_4
841,b2736d8a-f2cf-472f-9bcf-fe3377f5cb1c,2021-03-31,4,PART_2
842,b2736d8a-f2cf-472f-9bcf-fe3377f5cb1c,2021-04-01,5,PART_2
843,b2736d8a-f2cf-472f-9bcf-fe3377f5cb1c,2021-04-03,5,PART_2
844,b2736d8a-f2cf-472f-9bcf-fe3377f5cb1c,2021-04-04,10,PART_2
845,b2736d8a-f2cf-472f-9bcf-fe3377f5cb1c,2021-04-05,4,PART_2
846,b2736d8a-f2cf-472f-9bcf-fe3377f5cb1c,2021-04-07,2,PART_2
847,b2736d8a-f2cf-472f-9bcf-fe3377f5cb1c,2021-04-08,3,PART_2
848,b2736d8a-f2cf-472f-9bcf-fe3377f5cb1c,2021-04-09,7,PART_2
849,b2736d8a-f2cf-472f-9bcf-fe3377f5cb1c,2021-03-31,3,PART_3
850,b2736d8a-f2cf-472f-9bcf-fe3377f5cb1c,2021-04-01,4,PART_3
851,b2736d8a-f2cf-472f-9bcf-fe3377f5cb1c,2021-04-02,2,PART_3
852,b2736d8a-f2cf-472f-9bcf-fe3377f5cb1c,2021-04-04,3,PART_3
853,b2736d8a-f2cf-472f-9bcf-fe3377f5cb1c,2021-04-05,5,PART_3
854,b2736d8a-f2cf-472f-9bcf-fe3377f5cb1c,2021-04-08,6,PART_3
855,b2736d8a-f2cf-472f-9bcf-fe3377f5cb1c,2021-03-31,4,PART_4
856,b2736d8a-f2cf-472f-9bcf-fe3377f5cb1c,2021-04-04,3,PART_4
857,b2736d8a-f2cf-472f-9bcf-fe3377f5cb1c,2021-04-06,4,PART_4
858,b2736d8a-f2cf-472f-9bcf-fe3377f5cb1c,2021-04-08,3,PART_4
859,b39b2dfa-3f04-493e-8c0b-4ac90177f8a1,2021-05-19,1,PART_3
860,b39b2dfa-3f04-493e-8c0b-4ac90177f8a1,2021-05-22,1,PART_3
861,b39b2dfa-3f04-493e-8c0b-4ac90177f8a1,2021-05-19,6,PART_4
862,b438a5af-7892-4f7e-9e61-74b96f61af17,2021-05-27,1,PART_2
863,b5af9398-e131-451b-8c78-968d1805f058,2021-04-02,1,PART_1
864,b5af9398-e131-451b-8c78-968d1805f058,2021-04-01,1,PART_2
865,b5af9398-e131-451b-8c78-968d1805f058,2021-04-02,1,PART_2
866,b5af9398-e131-451b-8c78-968d1805f058,2021-04-01,1,PART_3
867,b5af9398-e131-451b-8c78-968d1805f058,2021-04-02,4,PART_3
868,b5af9398-e131-451b-8c78-968d1805f058,2021-04-01,1,PART_4
869,b5af9398-e131-451b-8c78-968d1805f058,2021-04-02,1,PART_4
870,b85697a2-352d-4df0-93e4-33b9998167b1,2021-04-02,7,PART_1
871,b85697a2-352d-4df0-93e4-33b9998167b1,2021-04-03,6,PART_1
872,b85697a2-352d-4df0-93e4-33b9998167b1,2021-04-04,6,PART_1
873,b85697a2-352d-4df0-93e4-33b9998167b1,2021-04-05,8,PART_1
874,b85697a2-352d-4df0-93e4-33b9998167b1,2021-04-06,25,PART_1
875,b85697a2-352d-4df0-93e4-33b9998167b1,2021-04-07,9,PART_1
876,b85697a2-352d-4df0-93e4-33b9998167b1,2021-04-08,5,PART_1
877,b85697a2-352d-4df0-93e4-33b9998167b1,2021-04-09,21,PART_1
878,b85697a2-352d-4df0-93e4-33b9998167b1,2021-04-02,10,PART_2
879,b85697a2-352d-4df0-93e4-33b9998167b1,2021-04-03,6,PART_2
880,b85697a2-352d-4df0-93e4-33b9998167b1,2021-04-04,5,PART_2
881,b85697a2-352d-4df0-93e4-33b9998167b1,2021-04-05,7,PART_2
882,b85697a2-352d-4df0-93e4-33b9998167b1,2021-04-06,13,PART_2
883,b85697a2-352d-4df0-93e4-33b9998167b1,2021-04-07,5,PART_2
884,b85697a2-352d-4df0-93e4-33b9998167b1,2021-04-08,31,PART_2
885,b85697a2-352d-4df0-93e4-33b9998167b1,2021-04-09,4,PART_2
886,b85697a2-352d-4df0-93e4-33b9998167b1,2021-04-01,14,PART_3
887,b85697a2-352d-4df0-93e4-33b9998167b1,2021-04-02,13,PART_3
888,b85697a2-352d-4df0-93e4-33b9998167b1,2021-04-03,29,PART_3
889,b85697a2-352d-4df0-93e4-33b9998167b1,2021-04-04,31,PART_3
890,b85697a2-352d-4df0-93e4-33b9998167b1,2021-04-05,38,PART_3
891,b85697a2-352d-4df0-93e4-33b9998167b1,2021-04-06,6,PART_3
892,b85697a2-352d-4df0-93e4-33b9998167b1,2021-04-07,14,PART_3
893,b85697a2-352d-4df0-93e4-33b9998167b1,2021-04-08,23,PART_3
894,b85697a2-352d-4df0-93e4-33b9998167b1,2021-04-01,10,PART_4
895,b85697a2-352d-4df0-93e4-33b9998167b1,2021-04-02,9,PART_4
896,b85697a2-352d-4df0-93e4-33b9998167b1,2021-04-03,4,PART_4
897,b85697a2-352d-4df0-93e4-33b9998167b1,2021-04-04,5,PART_4
898,b85697a2-352d-4df0-93e4-33b9998167b1,2021-04-05,12,PART_4
899,b85697a2-352d-4df0-93e4-33b9998167b1,2021-04-06,8,PART_4
900,b85697a2-352d-4df0-93e4-33b9998167b1,2021-04-07,6,PART_4
901,b85697a2-352d-4df0-93e4-33b9998167b1,2021-04-08,6,PART_4
902,b9bcc74f-70eb-4c7d-a70b-73fbf770da0e,2021-04-01,7,PART_1
903,b9bcc74f-70eb-4c7d-a70b-73fbf770da0e,2021-04-02,2,PART_1
904,b9bcc74f-70eb-4c7d-a70b-73fbf770da0e,2021-04-07,2,PART_1
905,b9bcc74f-70eb-4c7d-a70b-73fbf770da0e,2021-03-31,1,PART_2
906,b9bcc74f-70eb-4c7d-a70b-73fbf770da0e,2021-04-01,6,PART_2
907,b9bcc74f-70eb-4c7d-a70b-73fbf770da0e,2021-04-02,3,PART_2
908,b9bcc74f-70eb-4c7d-a70b-73fbf770da0e,2021-04-07,2,PART_2
909,b9bcc74f-70eb-4c7d-a70b-73fbf770da0e,2021-03-31,12,PART_3
910,b9bcc74f-70eb-4c7d-a70b-73fbf770da0e,2021-04-01,15,PART_3
911,b9bcc74f-70eb-4c7d-a70b-73fbf770da0e,2021-04-07,2,PART_3
912,b9bcc74f-70eb-4c7d-a70b-73fbf770da0e,2021-03-31,5,PART_4
913,b9bcc74f-70eb-4c7d-a70b-73fbf770da0e,2021-04-01,2,PART_4
914,ba472594-2382-4df0-8517-cb033c933fb3,2021-05-27,1,PART_1
915,ba472594-2382-4df0-8517-cb033c933fb3,2021-05-29,1,PART_1
916,ba472594-2382-4df0-8517-cb033c933fb3,2021-05-29,1,PART_2
917,ba472594-2382-4df0-8517-cb033c933fb3,2021-05-26,1,PART_3
918,ba472594-2382-4df0-8517-cb033c933fb3,2021-05-29,1,PART_3
919,ba472594-2382-4df0-8517-cb033c933fb3,2021-05-25,1,PART_4
920,ba472594-2382-4df0-8517-cb033c933fb3,2021-05-26,1,PART_4
921,ba472594-2382-4df0-8517-cb033c933fb3,2021-05-28,1,PART_4
922,ba472594-2382-4df0-8517-cb033c933fb3,2021-05-29,1,PART_4
923,c057fd22-d688-4bd1-a13a-3d30b93cfb1c,2021-04-18,1,PART_1
924,c057fd22-d688-4bd1-a13a-3d30b93cfb1c,2021-04-17,1,PART_2
925,c057fd22-d688-4bd1-a13a-3d30b93cfb1c,2021-04-19,1,PART_2
926,c057fd22-d688-4bd1-a13a-3d30b93cfb1c,2021-04-20,1,PART_2
927,c057fd22-d688-4bd1-a13a-3d30b93cfb1c,2021-04-02,1,PART_3
928,c057fd22-d688-4bd1-a13a-3d30b93cfb1c,2021-04-17,1,PART_3
929,c057fd22-d688-4bd1-a13a-3d30b93cfb1c,2021-04-19,1,PART_3
930,c057fd22-d688-4bd1-a13a-3d30b93cfb1c,2021-04-20,1,PART_3
931,c057fd22-d688-4bd1-a13a-3d30b93cfb1c,2021-04-21,1,PART_3
932,c24055a2-bb1d-48b1-8bf9-6e70db85c2c0,2020-12-10,2,PART_1
933,c24055a2-bb1d-48b1-8bf9-6e70db85c2c0,2020-12-11,2,PART_1
934,c24055a2-bb1d-48b1-8bf9-6e70db85c2c0,2020-12-12,1,PART_1
935,c24055a2-bb1d-48b1-8bf9-6e70db85c2c0,2020-12-13,1,PART_1
936,c24055a2-bb1d-48b1-8bf9-6e70db85c2c0,2020-12-14,1,PART_1
937,c24055a2-bb1d-48b1-8bf9-6e70db85c2c0,2020-12-16,2,PART_1
938,c24055a2-bb1d-48b1-8bf9-6e70db85c2c0,2020-12-19,1,PART_1
939,c24055a2-bb1d-48b1-8bf9-6e70db85c2c0,2020-12-21,1,PART_1
940,c24055a2-bb1d-48b1-8bf9-6e70db85c2c0,2020-12-22,1,PART_1
941,c24055a2-bb1d-48b1-8bf9-6e70db85c2c0,2020-12-26,1,PART_1
942,c24055a2-bb1d-48b1-8bf9-6e70db85c2c0,2020-12-27,1,PART_1
943,c24055a2-bb1d-48b1-8bf9-6e70db85c2c0,2021-01-04,1,PART_1
944,c24055a2-bb1d-48b1-8bf9-6e70db85c2c0,2021-01-05,1,PART_1
945,c24055a2-bb1d-48b1-8bf9-6e70db85c2c0,2021-01-06,1,PART_1
946,c24055a2-bb1d-48b1-8bf9-6e70db85c2c0,2020-12-09,1,PART_2
947,c24055a2-bb1d-48b1-8bf9-6e70db85c2c0,2020-12-10,5,PART_2
948,c24055a2-bb1d-48b1-8bf9-6e70db85c2c0,2020-12-11,2,PART_2
949,c24055a2-bb1d-48b1-8bf9-6e70db85c2c0,2020-12-13,2,PART_2
950,c24055a2-bb1d-48b1-8bf9-6e70db85c2c0,2020-12-14,1,PART_2
951,c24055a2-bb1d-48b1-8bf9-6e70db85c2c0,2020-12-16,2,PART_2
952,c24055a2-bb1d-48b1-8bf9-6e70db85c2c0,2020-12-19,3,PART_2
953,c24055a2-bb1d-48b1-8bf9-6e70db85c2c0,2020-12-22,1,PART_2
954,c24055a2-bb1d-48b1-8bf9-6e70db85c2c0,2020-12-26,1,PART_2
955,c24055a2-bb1d-48b1-8bf9-6e70db85c2c0,2020-12-27,1,PART_2
956,c24055a2-bb1d-48b1-8bf9-6e70db85c2c0,2021-01-04,1,PART_2
957,c24055a2-bb1d-48b1-8bf9-6e70db85c2c0,2021-01-06,1,PART_2
958,c24055a2-bb1d-48b1-8bf9-6e70db85c2c0,2020-12-09,5,PART_3
959,c24055a2-bb1d-48b1-8bf9-6e70db85c2c0,2020-12-10,3,PART_3
960,c24055a2-bb1d-48b1-8bf9-6e70db85c2c0,2020-12-11,3,PART_3
961,c24055a2-bb1d-48b1-8bf9-6e70db85c2c0,2020-12-12,3,PART_3
962,c24055a2-bb1d-48b1-8bf9-6e70db85c2c0,2020-12-13,4,PART_3
963,c24055a2-bb1d-48b1-8bf9-6e70db85c2c0,2020-12-14,3,PART_3
964,c24055a2-bb1d-48b1-8bf9-6e70db85c2c0,2020-12-15,4,PART_3
965,c24055a2-bb1d-48b1-8bf9-6e70db85c2c0,2020-12-16,3,PART_3
966,c24055a2-bb1d-48b1-8bf9-6e70db85c2c0,2020-12-19,1,PART_3
967,c24055a2-bb1d-48b1-8bf9-6e70db85c2c0,2020-12-22,1,PART_3
968,c24055a2-bb1d-48b1-8bf9-6e70db85c2c0,2020-12-23,1,PART_3
969,c24055a2-bb1d-48b1-8bf9-6e70db85c2c0,2020-12-26,1,PART_3
970,c24055a2-bb1d-48b1-8bf9-6e70db85c2c0,2020-12-27,1,PART_3
971,c24055a2-bb1d-48b1-8bf9-6e70db85c2c0,2021-01-03,1,PART_3
972,c24055a2-bb1d-48b1-8bf9-6e70db85c2c0,2020-12-09,1,PART_4
973,c24055a2-bb1d-48b1-8bf9-6e70db85c2c0,2020-12-10,3,PART_4
974,c24055a2-bb1d-48b1-8bf9-6e70db85c2c0,2020-12-12,2,PART_4
975,c24055a2-bb1d-48b1-8bf9-6e70db85c2c0,2020-12-13,1,PART_4
976,c24055a2-bb1d-48b1-8bf9-6e70db85c2c0,2020-12-14,2,PART_4
977,c24055a2-bb1d-48b1-8bf9-6e70db85c2c0,2020-12-15,1,PART_4
978,c24055a2-bb1d-48b1-8bf9-6e70db85c2c0,2020-12-18,1,PART_4
979,c24055a2-bb1d-48b1-8bf9-6e70db85c2c0,2020-12-20,1,PART_4
980,c24055a2-bb1d-48b1-8bf9-6e70db85c2c0,2020-12-23,1,PART_4
981,c24055a2-bb1d-48b1-8bf9-6e70db85c2c0,2020-12-25,1,PART_4
982,c24055a2-bb1d-48b1-8bf9-6e70db85c2c0,2020-12-26,1,PART_4
983,c24055a2-bb1d-48b1-8bf9-6e70db85c2c0,2020-12-27,1,PART_4
984,c24055a2-bb1d-48b1-8bf9-6e70db85c2c0,2021-01-03,1,PART_4
985,c24055a2-bb1d-48b1-8bf9-6e70db85c2c0,2021-01-04,1,PART_4
986,c24055a2-bb1d-48b1-8bf9-6e70db85c2c0,2021-01-05,1,PART_4
987,c24055a2-bb1d-48b1-8bf9-6e70db85c2c0,2021-01-06,1,PART_4
988,c4419deb-ab38-4408-9881-cc6642bbdda3,2021-05-30,1,PART_2
989,c4419deb-ab38-4408-9881-cc6642bbdda3,2021-05-27,3,PART_3
990,c4419deb-ab38-4408-9881-cc6642bbdda3,2021-06-01,1,PART_3
991,c4b50af8-dcfa-4eee-8bb6-ece05010105b,2021-04-03,2,PART_1
992,c4b50af8-dcfa-4eee-8bb6-ece05010105b,2021-04-02,1,PART_2
993,c4b50af8-dcfa-4eee-8bb6-ece05010105b,2021-04-03,2,PART_2
994,c4b50af8-dcfa-4eee-8bb6-ece05010105b,2021-04-07,13,PART_2
995,c4b50af8-dcfa-4eee-8bb6-ece05010105b,2021-04-02,3,PART_3
996,c4b50af8-dcfa-4eee-8bb6-ece05010105b,2021-04-03,2,PART_3
997,c4b50af8-dcfa-4eee-8bb6-ece05010105b,2021-04-07,7,PART_3
998,c4b50af8-dcfa-4eee-8bb6-ece05010105b,2021-04-10,1,PART_3
999,c4b50af8-dcfa-4eee-8bb6-ece05010105b,2021-04-02,2,PART_4
1000,c8308959-2867-46e5-bf0b-4ee3e795a1b7,2021-03-20,3,PART_1
1001,c8308959-2867-46e5-bf0b-4ee3e795a1b7,2021-03-21,2,PART_1
1002,c8308959-2867-46e5-bf0b-4ee3e795a1b7,2021-03-22,23,PART_1
1003,c8308959-2867-46e5-bf0b-4ee3e795a1b7,2021-03-23,3,PART_1
1004,c8308959-2867-46e5-bf0b-4ee3e795a1b7,2021-03-24,3,PART_1
1005,c8308959-2867-46e5-bf0b-4ee3e795a1b7,2021-03-25,13,PART_1
1006,c8308959-2867-46e5-bf0b-4ee3e795a1b7,2021-03-19,2,PART_2
1007,c8308959-2867-46e5-bf0b-4ee3e795a1b7,2021-03-20,1,PART_2
1008,c8308959-2867-46e5-bf0b-4ee3e795a1b7,2021-03-21,5,PART_2
1009,c8308959-2867-46e5-bf0b-4ee3e795a1b7,2021-03-22,61,PART_2
1010,c8308959-2867-46e5-bf0b-4ee3e795a1b7,2021-03-23,74,PART_2
1011,c8308959-2867-46e5-bf0b-4ee3e795a1b7,2021-03-24,3,PART_2
1012,c8308959-2867-46e5-bf0b-4ee3e795a1b7,2021-03-25,22,PART_2
1013,c8308959-2867-46e5-bf0b-4ee3e795a1b7,2021-03-19,5,PART_3
1014,c8308959-2867-46e5-bf0b-4ee3e795a1b7,2021-03-20,34,PART_3
1015,c8308959-2867-46e5-bf0b-4ee3e795a1b7,2021-03-21,7,PART_3
1016,c8308959-2867-46e5-bf0b-4ee3e795a1b7,2021-03-22,47,PART_3
1017,c8308959-2867-46e5-bf0b-4ee3e795a1b7,2021-03-23,76,PART_3
1018,c8308959-2867-46e5-bf0b-4ee3e795a1b7,2021-03-24,34,PART_3
1019,c8308959-2867-46e5-bf0b-4ee3e795a1b7,2021-03-25,2,PART_3
1020,c8308959-2867-46e5-bf0b-4ee3e795a1b7,2021-03-19,2,PART_4
1021,c8308959-2867-46e5-bf0b-4ee3e795a1b7,2021-03-20,33,PART_4
1022,c8308959-2867-46e5-bf0b-4ee3e795a1b7,2021-03-21,4,PART_4
1023,c8308959-2867-46e5-bf0b-4ee3e795a1b7,2021-03-22,2,PART_4
1024,c8308959-2867-46e5-bf0b-4ee3e795a1b7,2021-03-23,1,PART_4
1025,c8308959-2867-46e5-bf0b-4ee3e795a1b7,2021-03-24,67,PART_4
1026,cedf4923-48b6-454c-92a2-c4eaf0540255,2021-05-20,1,PART_1
1027,cedf4923-48b6-454c-92a2-c4eaf0540255,2021-05-27,1,PART_1
1028,cedf4923-48b6-454c-92a2-c4eaf0540255,2021-05-20,1,PART_2
1029,cedf4923-48b6-454c-92a2-c4eaf0540255,2021-05-26,1,PART_2
1030,cedf4923-48b6-454c-92a2-c4eaf0540255,2021-05-27,1,PART_2
1031,cedf4923-48b6-454c-92a2-c4eaf0540255,2021-05-19,1,PART_3
1032,cedf4923-48b6-454c-92a2-c4eaf0540255,2021-05-20,1,PART_3
1033,cedf4923-48b6-454c-92a2-c4eaf0540255,2021-05-21,1,PART_3
1034,cedf4923-48b6-454c-92a2-c4eaf0540255,2021-05-26,1,PART_3
1035,cedf4923-48b6-454c-92a2-c4eaf0540255,2021-05-19,1,PART_4
1036,cedf4923-48b6-454c-92a2-c4eaf0540255,2021-05-26,1,PART_4
1037,d5a6f56a-665e-45a2-8679-ae28df7c3464,2021-04-01,2,PART_1
1038,d5a6f56a-665e-45a2-8679-ae28df7c3464,2021-04-02,1,PART_1
1039,d5a6f56a-665e-45a2-8679-ae28df7c3464,2021-04-03,1,PART_1
1040,d5a6f56a-665e-45a2-8679-ae28df7c3464,2021-04-04,3,PART_1
1041,d5a6f56a-665e-45a2-8679-ae28df7c3464,2021-04-05,1,PART_1
1042,d5a6f56a-665e-45a2-8679-ae28df7c3464,2021-04-06,1,PART_1
1043,d5a6f56a-665e-45a2-8679-ae28df7c3464,2021-04-07,26,PART_1
1044,d5a6f56a-665e-45a2-8679-ae28df7c3464,2021-04-01,7,PART_2
1045,d5a6f56a-665e-45a2-8679-ae28df7c3464,2021-04-02,5,PART_2
1046,d5a6f56a-665e-45a2-8679-ae28df7c3464,2021-04-03,1,PART_2
1047,d5a6f56a-665e-45a2-8679-ae28df7c3464,2021-04-04,31,PART_2
1048,d5a6f56a-665e-45a2-8679-ae28df7c3464,2021-04-05,1,PART_2
1049,d5a6f56a-665e-45a2-8679-ae28df7c3464,2021-04-06,1,PART_2
1050,d5a6f56a-665e-45a2-8679-ae28df7c3464,2021-04-07,1,PART_2
1051,d5a6f56a-665e-45a2-8679-ae28df7c3464,2021-03-31,1,PART_3
1052,d5a6f56a-665e-45a2-8679-ae28df7c3464,2021-04-01,6,PART_3
1053,d5a6f56a-665e-45a2-8679-ae28df7c3464,2021-04-02,1,PART_3
1054,d5a6f56a-665e-45a2-8679-ae28df7c3464,2021-04-03,3,PART_3
1055,d5a6f56a-665e-45a2-8679-ae28df7c3464,2021-04-04,24,PART_3
1056,d5a6f56a-665e-45a2-8679-ae28df7c3464,2021-04-05,5,PART_3
1057,d5a6f56a-665e-45a2-8679-ae28df7c3464,2021-04-06,12,PART_3
1058,d5a6f56a-665e-45a2-8679-ae28df7c3464,2021-04-07,19,PART_3
1059,d5a6f56a-665e-45a2-8679-ae28df7c3464,2021-03-31,1,PART_4
1060,d5a6f56a-665e-45a2-8679-ae28df7c3464,2021-04-01,4,PART_4
1061,d5a6f56a-665e-45a2-8679-ae28df7c3464,2021-04-02,1,PART_4
1062,d5a6f56a-665e-45a2-8679-ae28df7c3464,2021-04-03,3,PART_4
1063,d5a6f56a-665e-45a2-8679-ae28df7c3464,2021-04-04,1,PART_4
1064,d5a6f56a-665e-45a2-8679-ae28df7c3464,2021-04-05,1,PART_4
1065,d5a6f56a-665e-45a2-8679-ae28df7c3464,2021-04-06,1,PART_4
1066,d5a6f56a-665e-45a2-8679-ae28df7c3464,2021-04-07,1,PART_4
1067,d7392ba9-0969-4569-83d8-509973f34bf2,2021-04-12,1,PART_1
1068,d7392ba9-0969-4569-83d8-509973f34bf2,2021-04-16,1,PART_1
1069,d7392ba9-0969-4569-83d8-509973f34bf2,2021-04-12,1,PART_2
1070,d7392ba9-0969-4569-83d8-509973f34bf2,2021-04-16,1,PART_2
1071,d7392ba9-0969-4569-83d8-509973f34bf2,2021-04-11,5,PART_3
1072,d7392ba9-0969-4569-83d8-509973f34bf2,2021-04-12,1,PART_3
1073,d7392ba9-0969-4569-83d8-509973f34bf2,2021-04-16,1,PART_3
1074,d897dee5-2901-4dd8-b00c-1dc44fcf8cd7,2021-05-18,3,PART_3
1075,d8bda2c0-9abe-46a2-ba56-7dd69d111e49,2021-05-20,1,PART_2
1076,d8bda2c0-9abe-46a2-ba56-7dd69d111e49,2021-05-27,5,PART_2
1077,d8bda2c0-9abe-46a2-ba56-7dd69d111e49,2021-05-20,1,PART_3
1078,d8bda2c0-9abe-46a2-ba56-7dd69d111e49,2021-05-23,3,PART_3
1079,d8bda2c0-9abe-46a2-ba56-7dd69d111e49,2021-05-23,1,PART_4
1080,db271d26-cce9-4d17-ba82-888b5051c1fb,2021-05-18,16,PART_1
1081,db271d26-cce9-4d17-ba82-888b5051c1fb,2021-05-19,12,PART_1
1082,db271d26-cce9-4d17-ba82-888b5051c1fb,2021-05-18,13,PART_2
1083,db271d26-cce9-4d17-ba82-888b5051c1fb,2021-05-19,30,PART_2
1084,db271d26-cce9-4d17-ba82-888b5051c1fb,2021-05-17,8,PART_3
1085,db271d26-cce9-4d17-ba82-888b5051c1fb,2021-05-18,45,PART_3
1086,db271d26-cce9-4d17-ba82-888b5051c1fb,2021-05-19,50,PART_3
1087,db271d26-cce9-4d17-ba82-888b5051c1fb,2021-05-17,14,PART_4
1088,db271d26-cce9-4d17-ba82-888b5051c1fb,2021-05-18,21,PART_4
1089,e0bb7f16-04b9-4a1a-b084-e0a05a7362dd,2021-05-22,7,PART_3
1090,e1b72cdf-cae1-460f-aef6-bdc6cc4b5435,2021-04-19,1,PART_1
1091,e1b72cdf-cae1-460f-aef6-bdc6cc4b5435,2021-04-20,1,PART_1
1092,e1b72cdf-cae1-460f-aef6-bdc6cc4b5435,2021-04-22,1,PART_1
1093,e1b72cdf-cae1-460f-aef6-bdc6cc4b5435,2021-04-19,1,PART_2
1094,e1b72cdf-cae1-460f-aef6-bdc6cc4b5435,2021-04-20,3,PART_3
1095,e1b72cdf-cae1-460f-aef6-bdc6cc4b5435,2021-04-22,2,PART_4
1096,e1b72cdf-cae1-460f-aef6-bdc6cc4b5435,2021-04-23,4,PART_4
1097,e1b72cdf-cae1-460f-aef6-bdc6cc4b5435,2021-04-24,2,PART_4
1098,e29b1733-4dcc-42de-a219-91d59ed91680,2021-04-09,1,PART_3
1099,e5906ca1-286c-4922-b783-78dd14c6cb46,2021-04-14,1,PART_2
1100,e6d8dd99-8222-457f-812e-81813f743776,2021-04-02,1,PART_1
1101,e6d8dd99-8222-457f-812e-81813f743776,2021-04-07,2,PART_1
1102,e6d8dd99-8222-457f-812e-81813f743776,2021-04-08,2,PART_1
1103,e6d8dd99-8222-457f-812e-81813f743776,2021-04-01,1,PART_2
1104,e6d8dd99-8222-457f-812e-81813f743776,2021-04-02,1,PART_2
1105,e6d8dd99-8222-457f-812e-81813f743776,2021-04-03,1,PART_2
1106,e6d8dd99-8222-457f-812e-81813f743776,2021-04-07,2,PART_2
1107,e6d8dd99-8222-457f-812e-81813f743776,2021-04-08,56,PART_2
1108,e6d8dd99-8222-457f-812e-81813f743776,2021-04-01,1,PART_3
1109,e6d8dd99-8222-457f-812e-81813f743776,2021-04-02,1,PART_3
1110,e6d8dd99-8222-457f-812e-81813f743776,2021-04-07,4,PART_3
1111,e6d8dd99-8222-457f-812e-81813f743776,2021-04-08,60,PART_3
1112,e6d8dd99-8222-457f-812e-81813f743776,2021-04-01,1,PART_4
1113,e6d8dd99-8222-457f-812e-81813f743776,2021-04-06,2,PART_4
1114,e6d8dd99-8222-457f-812e-81813f743776,2021-04-07,1,PART_4
1115,e73d0d07-0986-4081-a9de-645a2a61443c,2021-06-04,21,PART_1
1116,e73d0d07-0986-4081-a9de-645a2a61443c,2021-06-05,5,PART_1
1117,e73d0d07-0986-4081-a9de-645a2a61443c,2021-06-06,38,PART_1
1118,e73d0d07-0986-4081-a9de-645a2a61443c,2021-06-07,30,PART_1
1119,e73d0d07-0986-4081-a9de-645a2a61443c,2021-06-08,46,PART_1
1120,e73d0d07-0986-4081-a9de-645a2a61443c,2021-06-09,24,PART_1
1121,e73d0d07-0986-4081-a9de-645a2a61443c,2021-06-10,35,PART_1
1122,e73d0d07-0986-4081-a9de-645a2a61443c,2021-06-11,7,PART_1
1123,e73d0d07-0986-4081-a9de-645a2a61443c,2021-06-12,5,PART_1
1124,e73d0d07-0986-4081-a9de-645a2a61443c,2021-06-04,94,PART_2
1125,e73d0d07-0986-4081-a9de-645a2a61443c,2021-06-05,38,PART_2
1126,e73d0d07-0986-4081-a9de-645a2a61443c,2021-06-06,32,PART_2
1127,e73d0d07-0986-4081-a9de-645a2a61443c,2021-06-07,39,PART_2
1128,e73d0d07-0986-4081-a9de-645a2a61443c,2021-06-08,49,PART_2
1129,e73d0d07-0986-4081-a9de-645a2a61443c,2021-06-09,8,PART_2
1130,e73d0d07-0986-4081-a9de-645a2a61443c,2021-06-10,52,PART_2
1131,e73d0d07-0986-4081-a9de-645a2a61443c,2021-06-11,81,PART_2
1132,e73d0d07-0986-4081-a9de-645a2a61443c,2021-06-12,6,PART_2
1133,e73d0d07-0986-4081-a9de-645a2a61443c,2021-06-03,6,PART_3
1134,e73d0d07-0986-4081-a9de-645a2a61443c,2021-06-04,20,PART_3
1135,e73d0d07-0986-4081-a9de-645a2a61443c,2021-06-05,17,PART_3
1136,e73d0d07-0986-4081-a9de-645a2a61443c,2021-06-06,37,PART_3
1137,e73d0d07-0986-4081-a9de-645a2a61443c,2021-06-07,56,PART_3
1138,e73d0d07-0986-4081-a9de-645a2a61443c,2021-06-08,30,PART_3
1139,e73d0d07-0986-4081-a9de-645a2a61443c,2021-06-09,48,PART_3
1140,e73d0d07-0986-4081-a9de-645a2a61443c,2021-06-10,36,PART_3
1141,e73d0d07-0986-4081-a9de-645a2a61443c,2021-06-11,42,PART_3
1142,e73d0d07-0986-4081-a9de-645a2a61443c,2021-06-03,7,PART_4
1143,e73d0d07-0986-4081-a9de-645a2a61443c,2021-06-04,23,PART_4
1144,e73d0d07-0986-4081-a9de-645a2a61443c,2021-06-05,7,PART_4
1145,e73d0d07-0986-4081-a9de-645a2a61443c,2021-06-06,19,PART_4
1146,e73d0d07-0986-4081-a9de-645a2a61443c,2021-06-07,14,PART_4
1147,e73d0d07-0986-4081-a9de-645a2a61443c,2021-06-08,17,PART_4
1148,e73d0d07-0986-4081-a9de-645a2a61443c,2021-06-09,37,PART_4
1149,e73d0d07-0986-4081-a9de-645a2a61443c,2021-06-10,83,PART_4
1150,e73d0d07-0986-4081-a9de-645a2a61443c,2021-06-11,7,PART_4
1151,e8c74554-794b-4ae5-98c4-73dc6dbee85a,2021-05-20,1,PART_1
1152,e8c74554-794b-4ae5-98c4-73dc6dbee85a,2021-05-19,1,PART_2
1153,e8c74554-794b-4ae5-98c4-73dc6dbee85a,2021-05-20,1,PART_2
1154,e9258ad3-84ea-4a95-a3be-e5d3bbe11537,2021-04-05,1,PART_2
1155,e9258ad3-84ea-4a95-a3be-e5d3bbe11537,2021-04-05,1,PART_3
1156,e9544c58-5d20-4508-82d1-4a152d502cc7,2021-04-19,6,PART_1
1157,e9544c58-5d20-4508-82d1-4a152d502cc7,2021-04-20,3,PART_1
1158,e9544c58-5d20-4508-82d1-4a152d502cc7,2021-04-17,6,PART_2
1159,ea683aad-53d8-40da-a93b-1d8523ecb935,2021-05-26,4,PART_1
1160,ea683aad-53d8-40da-a93b-1d8523ecb935,2021-05-26,9,PART_2
1161,ea683aad-53d8-40da-a93b-1d8523ecb935,2021-05-27,3,PART_2
1162,ea683aad-53d8-40da-a93b-1d8523ecb935,2021-05-20,1,PART_3
1163,ea683aad-53d8-40da-a93b-1d8523ecb935,2021-05-20,1,PART_4
1164,ea6f66a2-97b3-49e1-a938-73703b2f9f0b,2021-03-31,4,PART_1
1165,ea6f66a2-97b3-49e1-a938-73703b2f9f0b,2021-04-01,4,PART_1
1166,ea6f66a2-97b3-49e1-a938-73703b2f9f0b,2021-04-02,2,PART_1
1167,ea6f66a2-97b3-49e1-a938-73703b2f9f0b,2021-04-12,3,PART_1
1168,ea6f66a2-97b3-49e1-a938-73703b2f9f0b,2021-03-31,4,PART_2
1169,ea6f66a2-97b3-49e1-a938-73703b2f9f0b,2021-04-01,3,PART_2
1170,ea6f66a2-97b3-49e1-a938-73703b2f9f0b,2021-03-30,4,PART_3
1171,ea6f66a2-97b3-49e1-a938-73703b2f9f0b,2021-03-31,3,PART_3
1172,ea6f66a2-97b3-49e1-a938-73703b2f9f0b,2021-04-01,4,PART_3
1173,ea6f66a2-97b3-49e1-a938-73703b2f9f0b,2021-04-11,3,PART_3
1174,ea6f66a2-97b3-49e1-a938-73703b2f9f0b,2021-03-30,4,PART_4
1175,ea6f66a2-97b3-49e1-a938-73703b2f9f0b,2021-03-31,4,PART_4
1176,ea6f66a2-97b3-49e1-a938-73703b2f9f0b,2021-04-01,3,PART_4
1177,ea6f66a2-97b3-49e1-a938-73703b2f9f0b,2021-04-11,1,PART_4
1178,eb92e22a-7120-4ca3-be64-ae8ae0144f08,2021-05-25,4,PART_1
1179,eb92e22a-7120-4ca3-be64-ae8ae0144f08,2021-05-21,4,PART_3
1180,ec3c2538-8aa9-4f97-88b7-d70bde7fa954,2021-04-02,1,PART_1
1181,ec3c2538-8aa9-4f97-88b7-d70bde7fa954,2021-04-01,4,PART_2
1182,ec3c2538-8aa9-4f97-88b7-d70bde7fa954,2021-04-01,3,PART_3
1183,ec3c2538-8aa9-4f97-88b7-d70bde7fa954,2021-04-01,1,PART_4
1184,f3816910-3ab3-400e-9804-48a6a8791204,2021-04-02,6,PART_2
1185,f3816910-3ab3-400e-9804-48a6a8791204,2021-04-03,3,PART_2
1186,f3816910-3ab3-400e-9804-48a6a8791204,2021-04-03,3,PART_3
1187,f39def2c-f526-4d19-8562-821fd0394be4,2021-04-03,1,PART_1
1188,f39def2c-f526-4d19-8562-821fd0394be4,2021-04-04,1,PART_1
1189,f39def2c-f526-4d19-8562-821fd0394be4,2021-04-05,1,PART_1
1190,f39def2c-f526-4d19-8562-821fd0394be4,2021-04-06,1,PART_1
1191,f39def2c-f526-4d19-8562-821fd0394be4,2021-04-07,1,PART_1
1192,f39def2c-f526-4d19-8562-821fd0394be4,2021-04-08,1,PART_1
1193,f39def2c-f526-4d19-8562-821fd0394be4,2021-04-09,1,PART_1
1194,f39def2c-f526-4d19-8562-821fd0394be4,2021-04-10,1,PART_1
1195,f39def2c-f526-4d19-8562-821fd0394be4,2021-04-11,1,PART_1
1196,f39def2c-f526-4d19-8562-821fd0394be4,2021-04-02,4,PART_2
1197,f39def2c-f526-4d19-8562-821fd0394be4,2021-04-03,1,PART_2
1198,f39def2c-f526-4d19-8562-821fd0394be4,2021-04-04,1,PART_2
1199,f39def2c-f526-4d19-8562-821fd0394be4,2021-04-06,1,PART_2
1200,f39def2c-f526-4d19-8562-821fd0394be4,2021-04-07,1,PART_2
1201,f39def2c-f526-4d19-8562-821fd0394be4,2021-04-08,1,PART_2
1202,f39def2c-f526-4d19-8562-821fd0394be4,2021-04-09,1,PART_2
1203,f39def2c-f526-4d19-8562-821fd0394be4,2021-04-10,1,PART_2
1204,f39def2c-f526-4d19-8562-821fd0394be4,2021-04-02,6,PART_3
1205,f39def2c-f526-4d19-8562-821fd0394be4,2021-04-03,1,PART_3
1206,f39def2c-f526-4d19-8562-821fd0394be4,2021-04-04,3,PART_3
1207,f39def2c-f526-4d19-8562-821fd0394be4,2021-04-05,1,PART_3
1208,f39def2c-f526-4d19-8562-821fd0394be4,2021-04-06,1,PART_3
1209,f39def2c-f526-4d19-8562-821fd0394be4,2021-04-07,1,PART_3
1210,f39def2c-f526-4d19-8562-821fd0394be4,2021-04-08,1,PART_3
1211,f39def2c-f526-4d19-8562-821fd0394be4,2021-04-09,1,PART_3
1212,f39def2c-f526-4d19-8562-821fd0394be4,2021-04-10,1,PART_3
1213,f599650a-4218-4dd2-9d95-a15c105ebce8,2021-05-26,7,PART_1
1214,f599650a-4218-4dd2-9d95-a15c105ebce8,2021-05-18,10,PART_2
1215,f599650a-4218-4dd2-9d95-a15c105ebce8,2021-05-19,14,PART_3
1216,f599650a-4218-4dd2-9d95-a15c105ebce8,2021-05-25,14,PART_3
1217,f82c37c5-7678-4c82-9ddd-427ac0abd9d7,2021-05-24,3,PART_1
1218,f82c37c5-7678-4c82-9ddd-427ac0abd9d7,2021-05-26,5,PART_1
1219,f82c37c5-7678-4c82-9ddd-427ac0abd9d7,2021-05-27,7,PART_1
1220,f82c37c5-7678-4c82-9ddd-427ac0abd9d7,2021-05-21,11,PART_2
1221,f82c37c5-7678-4c82-9ddd-427ac0abd9d7,2021-05-22,3,PART_2
1222,f82c37c5-7678-4c82-9ddd-427ac0abd9d7,2021-05-24,6,PART_2
1223,f82c37c5-7678-4c82-9ddd-427ac0abd9d7,2021-05-26,3,PART_2
1224,f82c37c5-7678-4c82-9ddd-427ac0abd9d7,2021-05-19,9,PART_3
1225,f82c37c5-7678-4c82-9ddd-427ac0abd9d7,2021-05-20,9,PART_3
1226,f82c37c5-7678-4c82-9ddd-427ac0abd9d7,2021-05-21,11,PART_3
1227,f82c37c5-7678-4c82-9ddd-427ac0abd9d7,2021-05-22,13,PART_3
1228,f82c37c5-7678-4c82-9ddd-427ac0abd9d7,2021-05-19,5,PART_4
1229,f82c37c5-7678-4c82-9ddd-427ac0abd9d7,2021-05-21,8,PART_4
1230,f82c37c5-7678-4c82-9ddd-427ac0abd9d7,2021-05-22,5,PART_4
1231,f82c37c5-7678-4c82-9ddd-427ac0abd9d7,2021-05-26,4,PART_4
1232,f856f324-d9f5-4fee-b92d-88efe586bc22,2021-04-27,1,PART_1
1233,f856f324-d9f5-4fee-b92d-88efe586bc22,2021-05-09,1,PART_1
1234,f856f324-d9f5-4fee-b92d-88efe586bc22,2021-05-11,1,PART_1
1235,f856f324-d9f5-4fee-b92d-88efe586bc22,2021-05-22,1,PART_1
1236,f856f324-d9f5-4fee-b92d-88efe586bc22,2021-05-23,1,PART_1
1237,f856f324-d9f5-4fee-b92d-88efe586bc22,2021-05-24,1,PART_1
1238,f856f324-d9f5-4fee-b92d-88efe586bc22,2021-05-25,1,PART_1
1239,f856f324-d9f5-4fee-b92d-88efe586bc22,2021-05-26,1,PART_1
1240,f856f324-d9f5-4fee-b92d-88efe586bc22,2021-04-26,1,PART_2
1241,f856f324-d9f5-4fee-b92d-88efe586bc22,2021-04-27,1,PART_2
1242,f856f324-d9f5-4fee-b92d-88efe586bc22,2021-05-04,1,PART_2
1243,f856f324-d9f5-4fee-b92d-88efe586bc22,2021-05-06,1,PART_2
1244,f856f324-d9f5-4fee-b92d-88efe586bc22,2021-05-09,1,PART_2
1245,f856f324-d9f5-4fee-b92d-88efe586bc22,2021-05-21,1,PART_2
1246,f856f324-d9f5-4fee-b92d-88efe586bc22,2021-05-22,1,PART_2
1247,f856f324-d9f5-4fee-b92d-88efe586bc22,2021-05-23,1,PART_2
1248,f856f324-d9f5-4fee-b92d-88efe586bc22,2021-05-24,1,PART_2
1249,f856f324-d9f5-4fee-b92d-88efe586bc22,2021-05-25,1,PART_2
1250,f856f324-d9f5-4fee-b92d-88efe586bc22,2021-05-26,1,PART_2
1251,f856f324-d9f5-4fee-b92d-88efe586bc22,2021-04-26,1,PART_3
1252,f856f324-d9f5-4fee-b92d-88efe586bc22,2021-04-27,1,PART_3
1253,f856f324-d9f5-4fee-b92d-88efe586bc22,2021-04-30,1,PART_3
1254,f856f324-d9f5-4fee-b92d-88efe586bc22,2021-05-04,9,PART_3
1255,f856f324-d9f5-4fee-b92d-88efe586bc22,2021-05-06,1,PART_3
1256,f856f324-d9f5-4fee-b92d-88efe586bc22,2021-05-09,1,PART_3
1257,f856f324-d9f5-4fee-b92d-88efe586bc22,2021-05-21,1,PART_3
1258,f856f324-d9f5-4fee-b92d-88efe586bc22,2021-05-22,1,PART_3
1259,f856f324-d9f5-4fee-b92d-88efe586bc22,2021-05-23,1,PART_3
1260,f856f324-d9f5-4fee-b92d-88efe586bc22,2021-05-24,1,PART_3
1261,f856f324-d9f5-4fee-b92d-88efe586bc22,2021-05-25,1,PART_3
1262,f856f324-d9f5-4fee-b92d-88efe586bc22,2021-04-26,1,PART_4
1263,f856f324-d9f5-4fee-b92d-88efe586bc22,2021-04-27,1,PART_4
1264,f856f324-d9f5-4fee-b92d-88efe586bc22,2021-05-04,1,PART_4
1265,f856f324-d9f5-4fee-b92d-88efe586bc22,2021-05-06,1,PART_4
1266,f856f324-d9f5-4fee-b92d-88efe586bc22,2021-05-09,1,PART_4
1267,f856f324-d9f5-4fee-b92d-88efe586bc22,2021-05-21,1,PART_4
1268,f856f324-d9f5-4fee-b92d-88efe586bc22,2021-05-22,1,PART_4
1269,f856f324-d9f5-4fee-b92d-88efe586bc22,2021-05-23,1,PART_4
1270,f856f324-d9f5-4fee-b92d-88efe586bc22,2021-05-24,1,PART_4
1271,f856f324-d9f5-4fee-b92d-88efe586bc22,2021-05-25,1,PART_4
1272,f8ca21ce-9050-4b63-9e01-eb10dcd032a6,2021-04-04,11,PART_1
1273,f8ca21ce-9050-4b63-9e01-eb10dcd032a6,2021-04-05,17,PART_1
1274,f8ca21ce-9050-4b63-9e01-eb10dcd032a6,2021-04-06,11,PART_1
1275,f8ca21ce-9050-4b63-9e01-eb10dcd032a6,2021-04-09,11,PART_1
1276,f8ca21ce-9050-4b63-9e01-eb10dcd032a6,2021-04-10,8,PART_1
1277,f8ca21ce-9050-4b63-9e01-eb10dcd032a6,2021-04-02,11,PART_2
1278,f8ca21ce-9050-4b63-9e01-eb10dcd032a6,2021-04-03,16,PART_2
1279,f8ca21ce-9050-4b63-9e01-eb10dcd032a6,2021-04-04,23,PART_2
1280,f8ca21ce-9050-4b63-9e01-eb10dcd032a6,2021-04-05,6,PART_2
1281,f8ca21ce-9050-4b63-9e01-eb10dcd032a6,2021-04-06,11,PART_2
1282,f8ca21ce-9050-4b63-9e01-eb10dcd032a6,2021-04-08,1,PART_2
1283,f8ca21ce-9050-4b63-9e01-eb10dcd032a6,2021-04-09,15,PART_2
1284,f8ca21ce-9050-4b63-9e01-eb10dcd032a6,2021-04-10,16,PART_2
1285,f8ca21ce-9050-4b63-9e01-eb10dcd032a6,2021-04-02,16,PART_3
1286,f8ca21ce-9050-4b63-9e01-eb10dcd032a6,2021-04-03,15,PART_3
1287,f8ca21ce-9050-4b63-9e01-eb10dcd032a6,2021-04-04,19,PART_3
1288,f8ca21ce-9050-4b63-9e01-eb10dcd032a6,2021-04-05,19,PART_3
1289,f8ca21ce-9050-4b63-9e01-eb10dcd032a6,2021-04-06,9,PART_3
1290,f8ca21ce-9050-4b63-9e01-eb10dcd032a6,2021-04-08,14,PART_3
1291,f8ca21ce-9050-4b63-9e01-eb10dcd032a6,2021-04-09,11,PART_3
1292,f8ca21ce-9050-4b63-9e01-eb10dcd032a6,2021-04-10,13,PART_3
1293,f8ca21ce-9050-4b63-9e01-eb10dcd032a6,2021-04-02,16,PART_4
1294,f8ca21ce-9050-4b63-9e01-eb10dcd032a6,2021-04-03,10,PART_4
1295,f8ca21ce-9050-4b63-9e01-eb10dcd032a6,2021-04-04,11,PART_4
1296,f8ca21ce-9050-4b63-9e01-eb10dcd032a6,2021-04-05,7,PART_4
1297,f8ca21ce-9050-4b63-9e01-eb10dcd032a6,2021-04-08,11,PART_4
1298,f9882fcd-51b6-4c7f-9fbc-44a055fe15a3,2021-03-31,1,PART_3
1299,f9882fcd-51b6-4c7f-9fbc-44a055fe15a3,2021-04-07,1,PART_3
1300,f9882fcd-51b6-4c7f-9fbc-44a055fe15a3,2021-04-07,1,PART_4
