,device_id,message_type,date,count_mes_type,part_of_the_day
0,3d0debe8-6d3a-4ae0-8c4a-8bef33bffd56,1,2020-12-09,1,PART_3
1,3d0debe8-6d3a-4ae0-8c4a-8bef33bffd56,2,2020-12-10,1,PART_2
2,3d0debe8-6d3a-4ae0-8c4a-8bef33bffd56,1,2020-12-10,3,PART_2
3,c24055a2-bb1d-48b1-8bf9-6e70db85c2c0,1,2020-12-10,1,PART_2
4,3d0debe8-6d3a-4ae0-8c4a-8bef33bffd56,1,2020-12-10,1,PART_3
5,c24055a2-bb1d-48b1-8bf9-6e70db85c2c0,1,2020-12-11,2,PART_2
6,3d0debe8-6d3a-4ae0-8c4a-8bef33bffd56,1,2020-12-11,1,PART_3
7,3d0debe8-6d3a-4ae0-8c4a-8bef33bffd56,1,2020-12-12,1,PART_2
8,3d0debe8-6d3a-4ae0-8c4a-8bef33bffd56,1,2020-12-12,2,PART_3
9,3d0debe8-6d3a-4ae0-8c4a-8bef33bffd56,1,2020-12-12,1,PART_4
10,c24055a2-bb1d-48b1-8bf9-6e70db85c2c0,1,2020-12-13,2,PART_2
11,3d0debe8-6d3a-4ae0-8c4a-8bef33bffd56,1,2020-12-13,3,PART_2
12,3d0debe8-6d3a-4ae0-8c4a-8bef33bffd56,1,2020-12-13,4,PART_3
13,c24055a2-bb1d-48b1-8bf9-6e70db85c2c0,1,2020-12-13,1,PART_3
14,c24055a2-bb1d-48b1-8bf9-6e70db85c2c0,1,2020-12-14,1,PART_2
15,3d0debe8-6d3a-4ae0-8c4a-8bef33bffd56,1,2020-12-14,2,PART_3
16,c24055a2-bb1d-48b1-8bf9-6e70db85c2c0,1,2020-12-14,2,PART_3
17,3d0debe8-6d3a-4ae0-8c4a-8bef33bffd56,1,2020-12-14,1,PART_4
18,3d0debe8-6d3a-4ae0-8c4a-8bef33bffd56,1,2020-12-15,1,PART_2
19,c24055a2-bb1d-48b1-8bf9-6e70db85c2c0,1,2020-12-15,1,PART_2
20,c24055a2-bb1d-48b1-8bf9-6e70db85c2c0,1,2020-12-16,1,PART_1
21,c24055a2-bb1d-48b1-8bf9-6e70db85c2c0,1,2020-12-16,1,PART_2
22,c24055a2-bb1d-48b1-8bf9-6e70db85c2c0,1,2020-12-16,2,PART_3
23,c24055a2-bb1d-48b1-8bf9-6e70db85c2c0,1,2020-12-22,1,PART_2
24,c24055a2-bb1d-48b1-8bf9-6e70db85c2c0,1,2020-12-22,2,PART_3
25,c24055a2-bb1d-48b1-8bf9-6e70db85c2c0,1,2020-12-23,2,PART_3
26,c24055a2-bb1d-48b1-8bf9-6e70db85c2c0,2,2021-01-03,2,PART_4
27,c24055a2-bb1d-48b1-8bf9-6e70db85c2c0,1,2021-01-04,1,PART_1
28,c24055a2-bb1d-48b1-8bf9-6e70db85c2c0,1,2021-01-04,8,PART_2
29,c24055a2-bb1d-48b1-8bf9-6e70db85c2c0,1,2021-01-05,1,PART_1
30,18aaeaaa-58e3-47d5-ab81-fef2063d340e,1,2021-01-04,2,PART_2
31,18aaeaaa-58e3-47d5-ab81-fef2063d340e,1,2021-01-04,1,PART_3
32,c24055a2-bb1d-48b1-8bf9-6e70db85c2c0,1,2021-01-06,2,PART_2
33,18aaeaaa-58e3-47d5-ab81-fef2063d340e,1,2021-01-05,4,PART_3
34,18aaeaaa-58e3-47d5-ab81-fef2063d340e,1,2021-01-06,2,PART_3
35,18aaeaaa-58e3-47d5-ab81-fef2063d340e,1,2021-01-07,1,PART_3
36,18aaeaaa-58e3-47d5-ab81-fef2063d340e,1,2021-01-08,1,PART_3
37,18aaeaaa-58e3-47d5-ab81-fef2063d340e,1,2021-01-09,1,PART_4
38,18aaeaaa-58e3-47d5-ab81-fef2063d340e,1,2021-01-10,1,PART_1
39,18aaeaaa-58e3-47d5-ab81-fef2063d340e,1,2021-01-10,2,PART_2
40,47bdefcf-896e-4e7b-b61b-caf6b1d92d56,1,2021-02-09,3,PART_2
41,47bdefcf-896e-4e7b-b61b-caf6b1d92d56,1,2021-02-09,3,PART_3
42,47bdefcf-896e-4e7b-b61b-caf6b1d92d56,1,2021-02-10,2,PART_1
43,47bdefcf-896e-4e7b-b61b-caf6b1d92d56,1,2021-02-10,1,PART_2
44,47bdefcf-896e-4e7b-b61b-caf6b1d92d56,1,2021-02-10,1,PART_3
45,9ef8f342-07f1-4884-8d5f-e321acc3031e,1,2021-02-10,1,PART_2
46,9ef8f342-07f1-4884-8d5f-e321acc3031e,1,2021-02-11,1,PART_3
47,47bdefcf-896e-4e7b-b61b-caf6b1d92d56,1,2021-02-11,2,PART_1
48,47bdefcf-896e-4e7b-b61b-caf6b1d92d56,1,2021-02-11,7,PART_2
49,47bdefcf-896e-4e7b-b61b-caf6b1d92d56,2,2021-02-11,2,PART_2
50,47bdefcf-896e-4e7b-b61b-caf6b1d92d56,1,2021-02-11,2,PART_3
51,47bdefcf-896e-4e7b-b61b-caf6b1d92d56,1,2021-02-12,2,PART_1
52,47bdefcf-896e-4e7b-b61b-caf6b1d92d56,1,2021-02-12,7,PART_2
53,47bdefcf-896e-4e7b-b61b-caf6b1d92d56,1,2021-02-14,2,PART_1
54,47bdefcf-896e-4e7b-b61b-caf6b1d92d56,1,2021-02-14,5,PART_2
55,94903104-e074-4b3f-bac2-0237076c53c3,1,2021-02-14,2,PART_1
56,94903104-e074-4b3f-bac2-0237076c53c3,1,2021-02-14,3,PART_2
57,94903104-e074-4b3f-bac2-0237076c53c3,1,2021-02-14,2,PART_3
58,94903104-e074-4b3f-bac2-0237076c53c3,1,2021-02-15,1,PART_1
59,94903104-e074-4b3f-bac2-0237076c53c3,1,2021-02-15,5,PART_2
60,47bdefcf-896e-4e7b-b61b-caf6b1d92d56,2,2021-02-14,1,PART_2
61,47bdefcf-896e-4e7b-b61b-caf6b1d92d56,1,2021-02-15,4,PART_2
62,47bdefcf-896e-4e7b-b61b-caf6b1d92d56,2,2021-02-15,1,PART_2
63,94903104-e074-4b3f-bac2-0237076c53c3,1,2021-02-15,2,PART_3
64,94903104-e074-4b3f-bac2-0237076c53c3,1,2021-02-15,1,PART_4
65,94903104-e074-4b3f-bac2-0237076c53c3,1,2021-02-16,2,PART_1
66,47bdefcf-896e-4e7b-b61b-caf6b1d92d56,1,2021-02-16,3,PART_1
67,47bdefcf-896e-4e7b-b61b-caf6b1d92d56,1,2021-02-16,4,PART_2
68,94903104-e074-4b3f-bac2-0237076c53c3,1,2021-02-16,1,PART_2
69,94903104-e074-4b3f-bac2-0237076c53c3,1,2021-02-16,6,PART_3
70,94903104-e074-4b3f-bac2-0237076c53c3,1,2021-02-17,1,PART_1
71,94903104-e074-4b3f-bac2-0237076c53c3,2,2021-02-17,1,PART_1
72,94903104-e074-4b3f-bac2-0237076c53c3,1,2021-02-17,3,PART_2
73,94903104-e074-4b3f-bac2-0237076c53c3,1,2021-02-17,6,PART_3
74,47bdefcf-896e-4e7b-b61b-caf6b1d92d56,1,2021-02-16,2,PART_3
75,47bdefcf-896e-4e7b-b61b-caf6b1d92d56,2,2021-02-16,1,PART_3
76,47bdefcf-896e-4e7b-b61b-caf6b1d92d56,1,2021-02-17,3,PART_2
77,47bdefcf-896e-4e7b-b61b-caf6b1d92d56,1,2021-02-17,3,PART_3
78,47bdefcf-896e-4e7b-b61b-caf6b1d92d56,1,2021-02-18,1,PART_1
79,94903104-e074-4b3f-bac2-0237076c53c3,1,2021-02-18,1,PART_1
80,94903104-e074-4b3f-bac2-0237076c53c3,1,2021-02-18,5,PART_2
81,94903104-e074-4b3f-bac2-0237076c53c3,1,2021-02-18,3,PART_3
82,47bdefcf-896e-4e7b-b61b-caf6b1d92d56,1,2021-02-18,5,PART_2
83,47bdefcf-896e-4e7b-b61b-caf6b1d92d56,1,2021-02-18,2,PART_3
84,94903104-e074-4b3f-bac2-0237076c53c3,1,2021-02-19,4,PART_2
85,47bdefcf-896e-4e7b-b61b-caf6b1d92d56,1,2021-02-19,1,PART_2
86,94903104-e074-4b3f-bac2-0237076c53c3,1,2021-02-20,1,PART_4
87,47bdefcf-896e-4e7b-b61b-caf6b1d92d56,1,2021-02-21,1,PART_1
88,47bdefcf-896e-4e7b-b61b-caf6b1d92d56,1,2021-02-21,2,PART_2
89,94903104-e074-4b3f-bac2-0237076c53c3,1,2021-02-21,2,PART_1
90,94903104-e074-4b3f-bac2-0237076c53c3,1,2021-02-21,4,PART_2
91,94903104-e074-4b3f-bac2-0237076c53c3,1,2021-02-21,3,PART_3
92,94903104-e074-4b3f-bac2-0237076c53c3,1,2021-02-22,1,PART_2
93,94903104-e074-4b3f-bac2-0237076c53c3,1,2021-02-22,3,PART_3
94,94903104-e074-4b3f-bac2-0237076c53c3,1,2021-02-23,1,PART_2
95,94903104-e074-4b3f-bac2-0237076c53c3,1,2021-02-23,5,PART_3
96,94903104-e074-4b3f-bac2-0237076c53c3,2,2021-02-23,2,PART_4
97,ec7ccc46-dc28-407b-b067-3e1bdec74b03,1,2021-03-07,2,PART_2
98,ec7ccc46-dc28-407b-b067-3e1bdec74b03,1,2021-03-08,1,PART_2
99,ec7ccc46-dc28-407b-b067-3e1bdec74b03,1,2021-03-08,1,PART_3
100,ec7ccc46-dc28-407b-b067-3e1bdec74b03,1,2021-03-09,4,PART_2
101,ec7ccc46-dc28-407b-b067-3e1bdec74b03,1,2021-03-10,1,PART_2
102,ec7ccc46-dc28-407b-b067-3e1bdec74b03,1,2021-03-11,1,PART_1
103,ec7ccc46-dc28-407b-b067-3e1bdec74b03,1,2021-03-11,3,PART_2
104,ec7ccc46-dc28-407b-b067-3e1bdec74b03,1,2021-03-11,4,PART_3
105,ec7ccc46-dc28-407b-b067-3e1bdec74b03,1,2021-03-12,2,PART_1
106,ec7ccc46-dc28-407b-b067-3e1bdec74b03,1,2021-03-12,1,PART_2
107,ec7ccc46-dc28-407b-b067-3e1bdec74b03,1,2021-03-13,1,PART_4
108,ec7ccc46-dc28-407b-b067-3e1bdec74b03,1,2021-03-14,1,PART_1
109,ec7ccc46-dc28-407b-b067-3e1bdec74b03,1,2021-03-14,1,PART_2
110,ec7ccc46-dc28-407b-b067-3e1bdec74b03,1,2021-03-14,3,PART_3
111,c8308959-2867-46e5-bf0b-4ee3e795a1b7,1,2021-03-19,1,PART_3
112,c8308959-2867-46e5-bf0b-4ee3e795a1b7,1,2021-03-20,1,PART_3
113,c8308959-2867-46e5-bf0b-4ee3e795a1b7,1,2021-03-20,2,PART_4
114,c8308959-2867-46e5-bf0b-4ee3e795a1b7,1,2021-03-21,3,PART_2
115,c8308959-2867-46e5-bf0b-4ee3e795a1b7,1,2021-03-21,2,PART_3
116,c8308959-2867-46e5-bf0b-4ee3e795a1b7,1,2021-03-22,3,PART_2
117,c8308959-2867-46e5-bf0b-4ee3e795a1b7,2,2021-03-22,2,PART_2
118,c8308959-2867-46e5-bf0b-4ee3e795a1b7,1,2021-03-22,8,PART_3
119,c8308959-2867-46e5-bf0b-4ee3e795a1b7,1,2021-03-22,1,PART_4
120,c8308959-2867-46e5-bf0b-4ee3e795a1b7,1,2021-03-23,8,PART_2
121,c8308959-2867-46e5-bf0b-4ee3e795a1b7,1,2021-03-23,3,PART_3
122,c8308959-2867-46e5-bf0b-4ee3e795a1b7,1,2021-03-24,1,PART_1
123,c8308959-2867-46e5-bf0b-4ee3e795a1b7,1,2021-03-24,3,PART_2
124,c8308959-2867-46e5-bf0b-4ee3e795a1b7,1,2021-03-24,3,PART_3
125,c8308959-2867-46e5-bf0b-4ee3e795a1b7,1,2021-03-24,1,PART_4
126,c8308959-2867-46e5-bf0b-4ee3e795a1b7,1,2021-03-25,3,PART_2
127,c8308959-2867-46e5-bf0b-4ee3e795a1b7,1,2021-03-25,2,PART_3
128,c8308959-2867-46e5-bf0b-4ee3e795a1b7,1,2021-03-26,1,PART_1
129,c8308959-2867-46e5-bf0b-4ee3e795a1b7,1,2021-03-26,2,PART_2
130,c8308959-2867-46e5-bf0b-4ee3e795a1b7,2,2021-03-26,2,PART_2
131,171408ba-1802-416a-b00d-335bbe2eee6e,1,2021-03-30,5,PART_2
132,171408ba-1802-416a-b00d-335bbe2eee6e,1,2021-03-30,1,PART_3
133,ea6f66a2-97b3-49e1-a938-73703b2f9f0b,1,2021-03-30,1,PART_3
134,78d6802f-b609-455e-ab6d-170ebc4bbe9c,1,2021-03-30,1,PART_3
135,171408ba-1802-416a-b00d-335bbe2eee6e,1,2021-03-31,3,PART_1
136,3ceb4a39-36f6-4618-a52e-9344a12ac9ed,1,2021-03-31,1,PART_1
137,78d6802f-b609-455e-ab6d-170ebc4bbe9c,1,2021-03-31,1,PART_1
138,3ceb4a39-36f6-4618-a52e-9344a12ac9ed,1,2021-03-31,2,PART_2
139,3ceb4a39-36f6-4618-a52e-9344a12ac9ed,2,2021-03-31,2,PART_2
140,b9bcc74f-70eb-4c7d-a70b-73fbf770da0e,1,2021-03-31,1,PART_3
141,78d6802f-b609-455e-ab6d-170ebc4bbe9c,1,2021-03-31,1,PART_2
142,459a5898-acb9-4735-b5a6-3b532d4b63a3,1,2021-03-31,1,PART_3
143,85386662-12c6-4e15-83f6-9300da37898a,1,2021-03-31,1,PART_3
144,1e64a9ac-ccc2-4bf7-9092-87a26382b192,1,2021-03-30,2,PART_3
145,1e64a9ac-ccc2-4bf7-9092-87a26382b192,1,2021-03-31,1,PART_2
146,1e64a9ac-ccc2-4bf7-9092-87a26382b192,1,2021-03-31,1,PART_3
147,3ceb4a39-36f6-4618-a52e-9344a12ac9ed,1,2021-03-31,2,PART_3
148,78d6802f-b609-455e-ab6d-170ebc4bbe9c,1,2021-04-01,1,PART_1
149,3ceb4a39-36f6-4618-a52e-9344a12ac9ed,1,2021-04-01,1,PART_1
150,f9882fcd-51b6-4c7f-9fbc-44a055fe15a3,1,2021-04-01,5,PART_2
151,b9bcc74f-70eb-4c7d-a70b-73fbf770da0e,1,2021-04-01,1,PART_2
152,171408ba-1802-416a-b00d-335bbe2eee6e,1,2021-04-01,1,PART_2
153,459a5898-acb9-4735-b5a6-3b532d4b63a3,1,2021-04-01,4,PART_2
154,ea6f66a2-97b3-49e1-a938-73703b2f9f0b,1,2021-03-31,3,PART_2
155,ea6f66a2-97b3-49e1-a938-73703b2f9f0b,1,2021-03-31,1,PART_3
156,d5a6f56a-665e-45a2-8679-ae28df7c3464,1,2021-04-01,1,PART_2
157,78d6802f-b609-455e-ab6d-170ebc4bbe9c,1,2021-04-01,2,PART_2
158,171408ba-1802-416a-b00d-335bbe2eee6e,1,2021-04-01,1,PART_3
159,7976240e-2009-4cef-87ca-cda683c48770,1,2021-04-01,1,PART_3
160,b2736d8a-f2cf-472f-9bcf-fe3377f5cb1c,1,2021-03-31,1,PART_2
161,f9882fcd-51b6-4c7f-9fbc-44a055fe15a3,1,2021-04-01,1,PART_3
162,459a5898-acb9-4735-b5a6-3b532d4b63a3,1,2021-04-01,1,PART_3
163,08541345-26e2-43c7-9391-a48ce61005d1,1,2021-03-31,1,PART_3
164,78d6802f-b609-455e-ab6d-170ebc4bbe9c,1,2021-04-01,1,PART_3
165,4cb7d565-b49a-40fb-b6d6-1d5dc6e354d2,1,2021-04-01,1,PART_3
166,85386662-12c6-4e15-83f6-9300da37898a,1,2021-04-01,4,PART_2
167,4cb7d565-b49a-40fb-b6d6-1d5dc6e354d2,1,2021-04-01,1,PART_4
168,3ceb4a39-36f6-4618-a52e-9344a12ac9ed,1,2021-04-01,3,PART_4
169,1e64a9ac-ccc2-4bf7-9092-87a26382b192,1,2021-04-01,3,PART_2
170,4cb7d565-b49a-40fb-b6d6-1d5dc6e354d2,1,2021-04-02,1,PART_1
171,f9882fcd-51b6-4c7f-9fbc-44a055fe15a3,1,2021-04-02,1,PART_1
172,78d6802f-b609-455e-ab6d-170ebc4bbe9c,1,2021-04-02,1,PART_1
173,b85697a2-352d-4df0-93e4-33b9998167b1,1,2021-04-01,10,PART_4
174,b9bcc74f-70eb-4c7d-a70b-73fbf770da0e,1,2021-04-02,2,PART_2
175,04833a47-4da4-493c-af58-403d88c27e63,1,2021-04-02,2,PART_1
176,04833a47-4da4-493c-af58-403d88c27e63,2,2021-04-02,3,PART_1
177,145427c3-4dc0-40f0-80e9-ff921bf14b72,1,2021-04-01,1,PART_3
178,145427c3-4dc0-40f0-80e9-ff921bf14b72,1,2021-04-02,1,PART_2
179,78d6802f-b609-455e-ab6d-170ebc4bbe9c,1,2021-04-02,3,PART_2
180,171408ba-1802-416a-b00d-335bbe2eee6e,1,2021-04-02,2,PART_2
181,d5a6f56a-665e-45a2-8679-ae28df7c3464,1,2021-04-02,2,PART_1
182,4cb7d565-b49a-40fb-b6d6-1d5dc6e354d2,1,2021-04-02,2,PART_2
183,d5a6f56a-665e-45a2-8679-ae28df7c3464,1,2021-04-02,2,PART_2
184,3ceb4a39-36f6-4618-a52e-9344a12ac9ed,1,2021-04-02,2,PART_2
185,399f9351-8cda-413e-94e2-baa009ed2719,1,2021-04-02,1,PART_2
186,12f13c91-3e5c-4477-a781-88bab73726bc,1,2021-04-02,1,PART_2
187,12f13c91-3e5c-4477-a781-88bab73726bc,1,2021-04-02,2,PART_3
188,e6d8dd99-8222-457f-812e-81813f743776,1,2021-04-01,1,PART_4
189,e6d8dd99-8222-457f-812e-81813f743776,1,2021-04-02,1,PART_2
190,396fc6c7-66b3-48e0-939b-157f1d2da6bb,1,2021-04-02,1,PART_2
191,b5af9398-e131-451b-8c78-968d1805f058,1,2021-04-01,1,PART_3
192,b5af9398-e131-451b-8c78-968d1805f058,1,2021-04-01,1,PART_4
193,b5af9398-e131-451b-8c78-968d1805f058,1,2021-04-02,1,PART_2
194,b5af9398-e131-451b-8c78-968d1805f058,1,2021-04-02,1,PART_4
195,186ac443-305a-4beb-b7ee-7558d7be13d7,1,2021-04-03,1,PART_1
196,0e9b121b-0ce8-4bef-afe9-e6c4730dd9b8,1,2021-04-03,1,PART_2
197,f39def2c-f526-4d19-8562-821fd0394be4,1,2021-04-03,1,PART_2
198,f39def2c-f526-4d19-8562-821fd0394be4,1,2021-04-03,1,PART_3
199,459a5898-acb9-4735-b5a6-3b532d4b63a3,1,2021-04-03,1,PART_3
200,04833a47-4da4-493c-af58-403d88c27e63,1,2021-04-03,2,PART_3
201,78d6802f-b609-455e-ab6d-170ebc4bbe9c,2,2021-04-03,6,PART_3
202,78d6802f-b609-455e-ab6d-170ebc4bbe9c,1,2021-04-03,2,PART_3
203,3ceb4a39-36f6-4618-a52e-9344a12ac9ed,1,2021-04-03,1,PART_3
204,b85697a2-352d-4df0-93e4-33b9998167b1,1,2021-04-03,1,PART_4
205,78d6802f-b609-455e-ab6d-170ebc4bbe9c,1,2021-04-03,1,PART_4
206,974dda86-2d2d-4b38-bc59-29056d4da85a,1,2021-04-03,2,PART_4
207,459a5898-acb9-4735-b5a6-3b532d4b63a3,1,2021-04-04,10,PART_1
208,85386662-12c6-4e15-83f6-9300da37898a,1,2021-04-04,3,PART_1
209,171408ba-1802-416a-b00d-335bbe2eee6e,1,2021-04-04,1,PART_1
210,d5a6f56a-665e-45a2-8679-ae28df7c3464,1,2021-04-04,5,PART_1
211,0e9b121b-0ce8-4bef-afe9-e6c4730dd9b8,1,2021-04-04,1,PART_1
212,b85697a2-352d-4df0-93e4-33b9998167b1,1,2021-04-04,1,PART_1
213,459a5898-acb9-4735-b5a6-3b532d4b63a3,2,2021-04-04,1,PART_1
214,85386662-12c6-4e15-83f6-9300da37898a,1,2021-04-04,7,PART_2
215,459a5898-acb9-4735-b5a6-3b532d4b63a3,1,2021-04-04,10,PART_2
216,3ceb4a39-36f6-4618-a52e-9344a12ac9ed,1,2021-04-04,3,PART_2
217,0e9b121b-0ce8-4bef-afe9-e6c4730dd9b8,1,2021-04-04,4,PART_2
218,78d6802f-b609-455e-ab6d-170ebc4bbe9c,1,2021-04-04,2,PART_1
219,04833a47-4da4-493c-af58-403d88c27e63,1,2021-04-04,4,PART_2
220,171408ba-1802-416a-b00d-335bbe2eee6e,1,2021-04-04,4,PART_2
221,78d6802f-b609-455e-ab6d-170ebc4bbe9c,1,2021-04-04,2,PART_2
222,145427c3-4dc0-40f0-80e9-ff921bf14b72,1,2021-04-03,1,PART_2
223,145427c3-4dc0-40f0-80e9-ff921bf14b72,1,2021-04-04,1,PART_1
224,145427c3-4dc0-40f0-80e9-ff921bf14b72,1,2021-04-04,1,PART_2
225,399f9351-8cda-413e-94e2-baa009ed2719,1,2021-04-04,1,PART_2
226,f39def2c-f526-4d19-8562-821fd0394be4,1,2021-04-04,1,PART_2
227,f39def2c-f526-4d19-8562-821fd0394be4,1,2021-04-04,2,PART_3
228,186ac443-305a-4beb-b7ee-7558d7be13d7,1,2021-04-04,3,PART_2
229,4cb7d565-b49a-40fb-b6d6-1d5dc6e354d2,1,2021-04-04,1,PART_1
230,4cb7d565-b49a-40fb-b6d6-1d5dc6e354d2,1,2021-04-04,6,PART_2
231,4cb7d565-b49a-40fb-b6d6-1d5dc6e354d2,1,2021-04-04,2,PART_3
232,1e64a9ac-ccc2-4bf7-9092-87a26382b192,1,2021-04-04,5,PART_2
233,3ceb4a39-36f6-4618-a52e-9344a12ac9ed,2,2021-04-04,1,PART_3
234,171408ba-1802-416a-b00d-335bbe2eee6e,1,2021-04-04,2,PART_3
235,b85697a2-352d-4df0-93e4-33b9998167b1,1,2021-04-04,1,PART_2
236,459a5898-acb9-4735-b5a6-3b532d4b63a3,1,2021-04-04,2,PART_3
237,f9882fcd-51b6-4c7f-9fbc-44a055fe15a3,1,2021-04-04,1,PART_3
238,78d6802f-b609-455e-ab6d-170ebc4bbe9c,1,2021-04-04,1,PART_3
239,d5a6f56a-665e-45a2-8679-ae28df7c3464,1,2021-04-04,2,PART_3
240,12f13c91-3e5c-4477-a781-88bab73726bc,1,2021-04-04,1,PART_1
241,12f13c91-3e5c-4477-a781-88bab73726bc,1,2021-04-04,1,PART_2
242,12f13c91-3e5c-4477-a781-88bab73726bc,1,2021-04-04,3,PART_3
243,d5a6f56a-665e-45a2-8679-ae28df7c3464,1,2021-04-04,1,PART_4
244,b11b5080-33d9-43bf-824c-af1643a9765f,1,2021-04-04,1,PART_4
245,12f13c91-3e5c-4477-a781-88bab73726bc,1,2021-04-05,1,PART_1
246,186ac443-305a-4beb-b7ee-7558d7be13d7,1,2021-04-05,3,PART_1
247,85386662-12c6-4e15-83f6-9300da37898a,1,2021-04-05,3,PART_1
248,b85697a2-352d-4df0-93e4-33b9998167b1,1,2021-04-05,1,PART_1
249,171408ba-1802-416a-b00d-335bbe2eee6e,1,2021-04-05,1,PART_1
250,85386662-12c6-4e15-83f6-9300da37898a,1,2021-04-05,1,PART_2
251,12f13c91-3e5c-4477-a781-88bab73726bc,1,2021-04-05,3,PART_2
252,12f13c91-3e5c-4477-a781-88bab73726bc,2,2021-04-05,1,PART_2
253,459a5898-acb9-4735-b5a6-3b532d4b63a3,1,2021-04-05,1,PART_2
254,0e9b121b-0ce8-4bef-afe9-e6c4730dd9b8,1,2021-04-05,3,PART_2
255,f9882fcd-51b6-4c7f-9fbc-44a055fe15a3,1,2021-04-05,1,PART_2
256,171408ba-1802-416a-b00d-335bbe2eee6e,1,2021-04-05,1,PART_2
257,78d6802f-b609-455e-ab6d-170ebc4bbe9c,1,2021-04-05,3,PART_1
258,78d6802f-b609-455e-ab6d-170ebc4bbe9c,1,2021-04-05,3,PART_2
259,4cb7d565-b49a-40fb-b6d6-1d5dc6e354d2,1,2021-04-05,4,PART_1
260,4cb7d565-b49a-40fb-b6d6-1d5dc6e354d2,1,2021-04-05,6,PART_2
261,4cb7d565-b49a-40fb-b6d6-1d5dc6e354d2,1,2021-04-05,5,PART_3
262,216f9f63-1699-4b3e-85fa-0013505dc5fd,1,2021-04-05,1,PART_3
263,e9258ad3-84ea-4a95-a3be-e5d3bbe11537,1,2021-04-05,1,PART_3
264,f39def2c-f526-4d19-8562-821fd0394be4,1,2021-04-05,1,PART_1
265,f39def2c-f526-4d19-8562-821fd0394be4,1,2021-04-05,2,PART_3
266,399f9351-8cda-413e-94e2-baa009ed2719,1,2021-04-05,2,PART_2
267,399f9351-8cda-413e-94e2-baa009ed2719,1,2021-04-05,3,PART_3
268,d5a6f56a-665e-45a2-8679-ae28df7c3464,1,2021-04-05,1,PART_1
269,d5a6f56a-665e-45a2-8679-ae28df7c3464,1,2021-04-05,1,PART_2
270,d5a6f56a-665e-45a2-8679-ae28df7c3464,1,2021-04-05,3,PART_3
271,145427c3-4dc0-40f0-80e9-ff921bf14b72,1,2021-04-04,1,PART_3
272,145427c3-4dc0-40f0-80e9-ff921bf14b72,1,2021-04-05,1,PART_1
273,145427c3-4dc0-40f0-80e9-ff921bf14b72,1,2021-04-05,2,PART_2
274,145427c3-4dc0-40f0-80e9-ff921bf14b72,1,2021-04-05,1,PART_3
275,186ac443-305a-4beb-b7ee-7558d7be13d7,1,2021-04-05,1,PART_2
276,186ac443-305a-4beb-b7ee-7558d7be13d7,1,2021-04-05,6,PART_3
277,0e9b121b-0ce8-4bef-afe9-e6c4730dd9b8,1,2021-04-05,2,PART_3
278,171408ba-1802-416a-b00d-335bbe2eee6e,2,2021-04-05,1,PART_3
279,186ac443-305a-4beb-b7ee-7558d7be13d7,1,2021-04-05,1,PART_4
280,459a5898-acb9-4735-b5a6-3b532d4b63a3,1,2021-04-05,1,PART_3
281,12f13c91-3e5c-4477-a781-88bab73726bc,1,2021-04-05,2,PART_3
282,1e64a9ac-ccc2-4bf7-9092-87a26382b192,1,2021-04-05,2,PART_2
283,1e64a9ac-ccc2-4bf7-9092-87a26382b192,1,2021-04-05,1,PART_3
284,12f13c91-3e5c-4477-a781-88bab73726bc,1,2021-04-05,1,PART_4
285,0e9b121b-0ce8-4bef-afe9-e6c4730dd9b8,1,2021-04-05,2,PART_4
286,171408ba-1802-416a-b00d-335bbe2eee6e,1,2021-04-05,1,PART_4
287,b85697a2-352d-4df0-93e4-33b9998167b1,1,2021-04-05,1,PART_2
288,b85697a2-352d-4df0-93e4-33b9998167b1,1,2021-04-05,1,PART_3
289,171408ba-1802-416a-b00d-335bbe2eee6e,1,2021-04-06,4,PART_1
290,b11b5080-33d9-43bf-824c-af1643a9765f,1,2021-04-05,2,PART_2
291,f9882fcd-51b6-4c7f-9fbc-44a055fe15a3,1,2021-04-06,1,PART_1
292,459a5898-acb9-4735-b5a6-3b532d4b63a3,1,2021-04-06,1,PART_1
293,85386662-12c6-4e15-83f6-9300da37898a,1,2021-04-06,1,PART_1
294,08541345-26e2-43c7-9391-a48ce61005d1,1,2021-04-05,1,PART_2
295,08541345-26e2-43c7-9391-a48ce61005d1,1,2021-04-05,4,PART_3
296,459a5898-acb9-4735-b5a6-3b532d4b63a3,1,2021-04-06,4,PART_2
297,171408ba-1802-416a-b00d-335bbe2eee6e,1,2021-04-06,5,PART_2
298,0bebba8c-9207-458f-a93d-5b6f4ec9357b,1,2021-04-06,3,PART_2
299,0e9b121b-0ce8-4bef-afe9-e6c4730dd9b8,1,2021-04-06,1,PART_2
300,459a5898-acb9-4735-b5a6-3b532d4b63a3,2,2021-04-06,1,PART_2
301,216f9f63-1699-4b3e-85fa-0013505dc5fd,1,2021-04-06,1,PART_1
302,216f9f63-1699-4b3e-85fa-0013505dc5fd,1,2021-04-06,2,PART_2
303,b85697a2-352d-4df0-93e4-33b9998167b1,1,2021-04-06,1,PART_2
304,459a5898-acb9-4735-b5a6-3b532d4b63a3,1,2021-04-06,14,PART_3
305,f39def2c-f526-4d19-8562-821fd0394be4,1,2021-04-06,1,PART_3
306,4cb7d565-b49a-40fb-b6d6-1d5dc6e354d2,1,2021-04-06,1,PART_1
307,4cb7d565-b49a-40fb-b6d6-1d5dc6e354d2,1,2021-04-06,5,PART_2
308,459a5898-acb9-4735-b5a6-3b532d4b63a3,2,2021-04-06,8,PART_3
309,399f9351-8cda-413e-94e2-baa009ed2719,1,2021-04-06,1,PART_1
310,186ac443-305a-4beb-b7ee-7558d7be13d7,1,2021-04-06,1,PART_2
311,78d6802f-b609-455e-ab6d-170ebc4bbe9c,1,2021-04-06,5,PART_1
312,78d6802f-b609-455e-ab6d-170ebc4bbe9c,1,2021-04-06,4,PART_2
313,f8ca21ce-9050-4b63-9e01-eb10dcd032a6,1,2021-04-05,1,PART_1
314,f8ca21ce-9050-4b63-9e01-eb10dcd032a6,1,2021-04-06,1,PART_2
315,78d6802f-b609-455e-ab6d-170ebc4bbe9c,1,2021-04-06,1,PART_3
316,85386662-12c6-4e15-83f6-9300da37898a,1,2021-04-06,2,PART_3
317,186ac443-305a-4beb-b7ee-7558d7be13d7,1,2021-04-06,1,PART_4
318,12f13c91-3e5c-4477-a781-88bab73726bc,1,2021-04-06,3,PART_1
319,12f13c91-3e5c-4477-a781-88bab73726bc,1,2021-04-06,3,PART_2
320,12f13c91-3e5c-4477-a781-88bab73726bc,1,2021-04-06,1,PART_3
321,145427c3-4dc0-40f0-80e9-ff921bf14b72,1,2021-04-06,1,PART_1
322,145427c3-4dc0-40f0-80e9-ff921bf14b72,1,2021-04-06,1,PART_2
323,145427c3-4dc0-40f0-80e9-ff921bf14b72,1,2021-04-06,1,PART_3
324,12f13c91-3e5c-4477-a781-88bab73726bc,1,2021-04-07,2,PART_1
325,0e9b121b-0ce8-4bef-afe9-e6c4730dd9b8,1,2021-04-06,1,PART_4
326,1e64a9ac-ccc2-4bf7-9092-87a26382b192,1,2021-04-06,1,PART_2
327,1e64a9ac-ccc2-4bf7-9092-87a26382b192,1,2021-04-06,4,PART_3
328,3ceb4a39-36f6-4618-a52e-9344a12ac9ed,1,2021-04-06,1,PART_1
329,3ceb4a39-36f6-4618-a52e-9344a12ac9ed,1,2021-04-06,3,PART_2
330,85386662-12c6-4e15-83f6-9300da37898a,1,2021-04-07,2,PART_1
331,f39def2c-f526-4d19-8562-821fd0394be4,1,2021-04-07,2,PART_1
332,f39def2c-f526-4d19-8562-821fd0394be4,2,2021-04-07,2,PART_1
333,216f9f63-1699-4b3e-85fa-0013505dc5fd,1,2021-04-07,1,PART_1
334,186ac443-305a-4beb-b7ee-7558d7be13d7,1,2021-04-07,1,PART_1
335,459a5898-acb9-4735-b5a6-3b532d4b63a3,1,2021-04-07,3,PART_1
336,171408ba-1802-416a-b00d-335bbe2eee6e,1,2021-04-07,1,PART_1
337,216f9f63-1699-4b3e-85fa-0013505dc5fd,1,2021-04-07,3,PART_2
338,f9882fcd-51b6-4c7f-9fbc-44a055fe15a3,1,2021-04-07,3,PART_2
339,12f13c91-3e5c-4477-a781-88bab73726bc,1,2021-04-07,1,PART_2
340,f39def2c-f526-4d19-8562-821fd0394be4,1,2021-04-07,3,PART_2
341,12f13c91-3e5c-4477-a781-88bab73726bc,2,2021-04-07,1,PART_2
342,f39def2c-f526-4d19-8562-821fd0394be4,2,2021-04-07,3,PART_2
343,d5a6f56a-665e-45a2-8679-ae28df7c3464,1,2021-04-06,5,PART_1
344,d5a6f56a-665e-45a2-8679-ae28df7c3464,1,2021-04-06,1,PART_2
345,d5a6f56a-665e-45a2-8679-ae28df7c3464,1,2021-04-07,2,PART_2
346,186ac443-305a-4beb-b7ee-7558d7be13d7,1,2021-04-07,4,PART_2
347,459a5898-acb9-4735-b5a6-3b532d4b63a3,1,2021-04-07,2,PART_2
348,c4b50af8-dcfa-4eee-8bb6-ece05010105b,1,2021-04-06,1,PART_4
349,c4b50af8-dcfa-4eee-8bb6-ece05010105b,1,2021-04-07,1,PART_2
350,4cb7d565-b49a-40fb-b6d6-1d5dc6e354d2,1,2021-04-06,1,PART_3
351,4cb7d565-b49a-40fb-b6d6-1d5dc6e354d2,1,2021-04-07,2,PART_1
352,4cb7d565-b49a-40fb-b6d6-1d5dc6e354d2,1,2021-04-07,3,PART_2
353,f9882fcd-51b6-4c7f-9fbc-44a055fe15a3,1,2021-04-07,1,PART_3
354,78d6802f-b609-455e-ab6d-170ebc4bbe9c,1,2021-04-07,3,PART_1
355,78d6802f-b609-455e-ab6d-170ebc4bbe9c,1,2021-04-07,7,PART_2
356,78d6802f-b609-455e-ab6d-170ebc4bbe9c,1,2021-04-07,1,PART_3
357,459a5898-acb9-4735-b5a6-3b532d4b63a3,1,2021-04-07,1,PART_3
358,3ceb4a39-36f6-4618-a52e-9344a12ac9ed,1,2021-04-07,1,PART_1
359,899d7083-45bd-448f-83bf-2801451a1eaf,1,2021-04-07,1,PART_2
360,d5a6f56a-665e-45a2-8679-ae28df7c3464,1,2021-04-07,1,PART_3
361,08541345-26e2-43c7-9391-a48ce61005d1,1,2021-04-06,1,PART_2
362,08541345-26e2-43c7-9391-a48ce61005d1,1,2021-04-06,1,PART_3
363,145427c3-4dc0-40f0-80e9-ff921bf14b72,1,2021-04-07,1,PART_1
364,145427c3-4dc0-40f0-80e9-ff921bf14b72,1,2021-04-07,1,PART_2
365,e6d8dd99-8222-457f-812e-81813f743776,1,2021-04-06,1,PART_3
366,e6d8dd99-8222-457f-812e-81813f743776,1,2021-04-07,4,PART_1
367,e6d8dd99-8222-457f-812e-81813f743776,1,2021-04-07,3,PART_2
368,e6d8dd99-8222-457f-812e-81813f743776,1,2021-04-07,1,PART_3
369,0e9b121b-0ce8-4bef-afe9-e6c4730dd9b8,1,2021-04-07,4,PART_2
370,186ac443-305a-4beb-b7ee-7558d7be13d7,1,2021-04-07,2,PART_4
371,b85697a2-352d-4df0-93e4-33b9998167b1,1,2021-04-07,2,PART_2
372,f9882fcd-51b6-4c7f-9fbc-44a055fe15a3,1,2021-04-08,2,PART_1
373,f39def2c-f526-4d19-8562-821fd0394be4,1,2021-04-08,1,PART_1
374,b85697a2-352d-4df0-93e4-33b9998167b1,1,2021-04-08,1,PART_1
375,186ac443-305a-4beb-b7ee-7558d7be13d7,1,2021-04-08,2,PART_2
376,216f9f63-1699-4b3e-85fa-0013505dc5fd,1,2021-04-08,1,PART_1
377,216f9f63-1699-4b3e-85fa-0013505dc5fd,1,2021-04-08,1,PART_2
378,98af4108-3eb8-4657-8915-60ef63081bd1,1,2021-04-08,2,PART_2
379,ec3c2538-8aa9-4f97-88b7-d70bde7fa954,1,2021-04-01,1,PART_2
380,ec3c2538-8aa9-4f97-88b7-d70bde7fa954,1,2021-04-01,1,PART_3
381,ec3c2538-8aa9-4f97-88b7-d70bde7fa954,1,2021-04-04,1,PART_3
382,ec3c2538-8aa9-4f97-88b7-d70bde7fa954,1,2021-04-05,1,PART_1
383,ec3c2538-8aa9-4f97-88b7-d70bde7fa954,1,2021-04-05,1,PART_2
384,ec3c2538-8aa9-4f97-88b7-d70bde7fa954,1,2021-04-05,2,PART_3
385,ec3c2538-8aa9-4f97-88b7-d70bde7fa954,1,2021-04-06,2,PART_1
386,ec3c2538-8aa9-4f97-88b7-d70bde7fa954,1,2021-04-06,6,PART_2
387,ec3c2538-8aa9-4f97-88b7-d70bde7fa954,1,2021-04-06,2,PART_3
388,ec3c2538-8aa9-4f97-88b7-d70bde7fa954,1,2021-04-06,1,PART_4
389,ec3c2538-8aa9-4f97-88b7-d70bde7fa954,1,2021-04-07,3,PART_1
390,ec3c2538-8aa9-4f97-88b7-d70bde7fa954,1,2021-04-07,1,PART_2
391,ec3c2538-8aa9-4f97-88b7-d70bde7fa954,1,2021-04-07,1,PART_3
392,ec3c2538-8aa9-4f97-88b7-d70bde7fa954,1,2021-04-08,3,PART_1
393,ec3c2538-8aa9-4f97-88b7-d70bde7fa954,1,2021-04-08,12,PART_2
394,f39def2c-f526-4d19-8562-821fd0394be4,1,2021-04-08,3,PART_2
395,f39def2c-f526-4d19-8562-821fd0394be4,2,2021-04-08,2,PART_2
396,4cb7d565-b49a-40fb-b6d6-1d5dc6e354d2,2,2021-04-08,1,PART_1
397,4cb7d565-b49a-40fb-b6d6-1d5dc6e354d2,1,2021-04-08,1,PART_2
398,f39def2c-f526-4d19-8562-821fd0394be4,1,2021-04-08,1,PART_3
399,186ac443-305a-4beb-b7ee-7558d7be13d7,1,2021-04-08,2,PART_3
400,4cb7d565-b49a-40fb-b6d6-1d5dc6e354d2,1,2021-04-08,1,PART_3
401,98af4108-3eb8-4657-8915-60ef63081bd1,1,2021-04-08,1,PART_3
402,186ac443-305a-4beb-b7ee-7558d7be13d7,1,2021-04-08,1,PART_4
403,b11b5080-33d9-43bf-824c-af1643a9765f,1,2021-04-06,1,PART_1
404,b11b5080-33d9-43bf-824c-af1643a9765f,1,2021-04-06,1,PART_3
405,b11b5080-33d9-43bf-824c-af1643a9765f,1,2021-04-07,1,PART_2
406,b11b5080-33d9-43bf-824c-af1643a9765f,1,2021-04-08,1,PART_3
407,0e9b121b-0ce8-4bef-afe9-e6c4730dd9b8,1,2021-04-08,1,PART_2
408,0e9b121b-0ce8-4bef-afe9-e6c4730dd9b8,1,2021-04-08,1,PART_3
409,145427c3-4dc0-40f0-80e9-ff921bf14b72,1,2021-04-08,1,PART_2
410,145427c3-4dc0-40f0-80e9-ff921bf14b72,1,2021-04-08,1,PART_3
411,08541345-26e2-43c7-9391-a48ce61005d1,1,2021-04-07,1,PART_3
412,08541345-26e2-43c7-9391-a48ce61005d1,1,2021-04-08,1,PART_2
413,08541345-26e2-43c7-9391-a48ce61005d1,1,2021-04-08,1,PART_3
414,e6d8dd99-8222-457f-812e-81813f743776,1,2021-04-08,2,PART_1
415,e6d8dd99-8222-457f-812e-81813f743776,1,2021-04-08,3,PART_3
416,216f9f63-1699-4b3e-85fa-0013505dc5fd,1,2021-04-09,1,PART_1
417,f39def2c-f526-4d19-8562-821fd0394be4,1,2021-04-09,2,PART_1
418,f39def2c-f526-4d19-8562-821fd0394be4,2,2021-04-09,2,PART_1
419,f8ca21ce-9050-4b63-9e01-eb10dcd032a6,1,2021-04-07,1,PART_2
420,f8ca21ce-9050-4b63-9e01-eb10dcd032a6,1,2021-04-09,1,PART_2
421,12f13c91-3e5c-4477-a781-88bab73726bc,1,2021-04-08,1,PART_1
422,12f13c91-3e5c-4477-a781-88bab73726bc,1,2021-04-08,1,PART_3
423,4cb7d565-b49a-40fb-b6d6-1d5dc6e354d2,1,2021-04-09,1,PART_1
424,4cb7d565-b49a-40fb-b6d6-1d5dc6e354d2,1,2021-04-09,3,PART_2
425,0e9b121b-0ce8-4bef-afe9-e6c4730dd9b8,1,2021-04-09,3,PART_2
426,186ac443-305a-4beb-b7ee-7558d7be13d7,1,2021-04-09,2,PART_2
427,399f9351-8cda-413e-94e2-baa009ed2719,1,2021-04-08,1,PART_4
428,399f9351-8cda-413e-94e2-baa009ed2719,1,2021-04-09,1,PART_2
429,98af4108-3eb8-4657-8915-60ef63081bd1,1,2021-04-09,1,PART_2
430,e29b1733-4dcc-42de-a219-91d59ed91680,1,2021-04-08,3,PART_2
431,12f13c91-3e5c-4477-a781-88bab73726bc,1,2021-04-09,1,PART_2
432,396fc6c7-66b3-48e0-939b-157f1d2da6bb,1,2021-04-08,1,PART_3
433,396fc6c7-66b3-48e0-939b-157f1d2da6bb,1,2021-04-06,1,PART_2
434,396fc6c7-66b3-48e0-939b-157f1d2da6bb,1,2021-04-09,1,PART_3
435,f39def2c-f526-4d19-8562-821fd0394be4,1,2021-04-10,1,PART_1
436,12f13c91-3e5c-4477-a781-88bab73726bc,1,2021-04-10,1,PART_3
437,f8ca21ce-9050-4b63-9e01-eb10dcd032a6,1,2021-04-10,1,PART_3
438,e29b1733-4dcc-42de-a219-91d59ed91680,1,2021-04-10,1,PART_3
439,216f9f63-1699-4b3e-85fa-0013505dc5fd,1,2021-04-11,3,PART_1
440,e29b1733-4dcc-42de-a219-91d59ed91680,1,2021-04-11,1,PART_1
441,fe081513-1e2d-4f58-bb2c-4dfe5626e537,1,2021-04-11,1,PART_2
442,fe081513-1e2d-4f58-bb2c-4dfe5626e537,1,2021-04-11,5,PART_3
443,ea6f66a2-97b3-49e1-a938-73703b2f9f0b,2,2021-04-01,2,PART_4
444,216f9f63-1699-4b3e-85fa-0013505dc5fd,1,2021-04-11,5,PART_2
445,216f9f63-1699-4b3e-85fa-0013505dc5fd,1,2021-04-11,4,PART_3
446,0e9b121b-0ce8-4bef-afe9-e6c4730dd9b8,1,2021-04-11,4,PART_2
447,0e9b121b-0ce8-4bef-afe9-e6c4730dd9b8,1,2021-04-11,1,PART_3
448,98af4108-3eb8-4657-8915-60ef63081bd1,1,2021-04-11,1,PART_2
449,0e9b121b-0ce8-4bef-afe9-e6c4730dd9b8,1,2021-04-12,5,PART_1
450,ec3c2538-8aa9-4f97-88b7-d70bde7fa954,1,2021-04-08,3,PART_3
451,ec3c2538-8aa9-4f97-88b7-d70bde7fa954,1,2021-04-08,8,PART_4
452,ec3c2538-8aa9-4f97-88b7-d70bde7fa954,1,2021-04-09,1,PART_2
453,ec3c2538-8aa9-4f97-88b7-d70bde7fa954,1,2021-04-10,1,PART_3
454,ec3c2538-8aa9-4f97-88b7-d70bde7fa954,1,2021-04-11,5,PART_1
455,ec3c2538-8aa9-4f97-88b7-d70bde7fa954,1,2021-04-11,12,PART_2
456,ec3c2538-8aa9-4f97-88b7-d70bde7fa954,2,2021-04-11,2,PART_2
457,ec3c2538-8aa9-4f97-88b7-d70bde7fa954,1,2021-04-11,3,PART_3
458,768f5c9d-bb6c-4938-b3d2-260c053ffc7a,1,2021-04-11,1,PART_3
459,768f5c9d-bb6c-4938-b3d2-260c053ffc7a,1,2021-04-12,3,PART_1
460,fe081513-1e2d-4f58-bb2c-4dfe5626e537,1,2021-04-12,1,PART_1
461,09d4e452-e73a-4db4-849c-8ce40dd5a30b,1,2021-04-12,1,PART_1
462,09d4e452-e73a-4db4-849c-8ce40dd5a30b,1,2021-04-12,1,PART_2
463,fe081513-1e2d-4f58-bb2c-4dfe5626e537,1,2021-04-12,5,PART_2
464,768f5c9d-bb6c-4938-b3d2-260c053ffc7a,1,2021-04-12,2,PART_2
465,5834390f-4f19-464a-a5b4-bcf8d5f21914,1,2021-04-12,1,PART_1
466,5834390f-4f19-464a-a5b4-bcf8d5f21914,1,2021-04-12,6,PART_2
467,43ac9987-5fb6-4c1f-a700-99b873cfc214,1,2021-04-11,1,PART_3
468,43ac9987-5fb6-4c1f-a700-99b873cfc214,1,2021-04-12,4,PART_2
469,216f9f63-1699-4b3e-85fa-0013505dc5fd,1,2021-04-12,2,PART_2
470,fe081513-1e2d-4f58-bb2c-4dfe5626e537,1,2021-04-12,2,PART_3
471,899d7083-45bd-448f-83bf-2801451a1eaf,1,2021-04-11,1,PART_3
472,899d7083-45bd-448f-83bf-2801451a1eaf,1,2021-04-12,2,PART_2
473,5834390f-4f19-464a-a5b4-bcf8d5f21914,2,2021-04-12,1,PART_3
474,43ac9987-5fb6-4c1f-a700-99b873cfc214,1,2021-04-12,1,PART_3
475,768f5c9d-bb6c-4938-b3d2-260c053ffc7a,1,2021-04-12,2,PART_3
476,5834390f-4f19-464a-a5b4-bcf8d5f21914,1,2021-04-12,1,PART_3
477,216f9f63-1699-4b3e-85fa-0013505dc5fd,1,2021-04-12,1,PART_3
478,0e9b121b-0ce8-4bef-afe9-e6c4730dd9b8,1,2021-04-12,3,PART_2
479,0e9b121b-0ce8-4bef-afe9-e6c4730dd9b8,1,2021-04-12,2,PART_3
480,d7392ba9-0969-4569-83d8-509973f34bf2,1,2021-04-11,2,PART_3
481,d7392ba9-0969-4569-83d8-509973f34bf2,1,2021-04-12,4,PART_1
482,d7392ba9-0969-4569-83d8-509973f34bf2,2,2021-04-12,2,PART_1
483,d7392ba9-0969-4569-83d8-509973f34bf2,1,2021-04-12,7,PART_2
484,d7392ba9-0969-4569-83d8-509973f34bf2,2,2021-04-12,6,PART_2
485,d7392ba9-0969-4569-83d8-509973f34bf2,1,2021-04-12,3,PART_3
486,5834390f-4f19-464a-a5b4-bcf8d5f21914,1,2021-04-13,11,PART_2
487,fe081513-1e2d-4f58-bb2c-4dfe5626e537,1,2021-04-13,1,PART_2
488,fe081513-1e2d-4f58-bb2c-4dfe5626e537,2,2021-04-13,1,PART_2
489,5834390f-4f19-464a-a5b4-bcf8d5f21914,2,2021-04-13,3,PART_2
490,fe081513-1e2d-4f58-bb2c-4dfe5626e537,1,2021-04-13,1,PART_3
491,5834390f-4f19-464a-a5b4-bcf8d5f21914,1,2021-04-13,4,PART_3
492,5834390f-4f19-464a-a5b4-bcf8d5f21914,2,2021-04-13,2,PART_3
493,5834390f-4f19-464a-a5b4-bcf8d5f21914,1,2021-04-14,2,PART_1
494,43ac9987-5fb6-4c1f-a700-99b873cfc214,1,2021-04-13,1,PART_3
495,43ac9987-5fb6-4c1f-a700-99b873cfc214,1,2021-04-14,1,PART_1
496,5834390f-4f19-464a-a5b4-bcf8d5f21914,1,2021-04-14,10,PART_2
497,5834390f-4f19-464a-a5b4-bcf8d5f21914,1,2021-04-14,2,PART_3
498,fe081513-1e2d-4f58-bb2c-4dfe5626e537,1,2021-04-14,1,PART_3
499,768f5c9d-bb6c-4938-b3d2-260c053ffc7a,1,2021-04-14,1,PART_3
500,768f5c9d-bb6c-4938-b3d2-260c053ffc7a,1,2021-04-15,2,PART_1
501,5834390f-4f19-464a-a5b4-bcf8d5f21914,1,2021-04-15,1,PART_1
502,fe081513-1e2d-4f58-bb2c-4dfe5626e537,1,2021-04-15,2,PART_2
503,5834390f-4f19-464a-a5b4-bcf8d5f21914,1,2021-04-15,1,PART_4
504,5834390f-4f19-464a-a5b4-bcf8d5f21914,1,2021-04-16,2,PART_1
505,fe081513-1e2d-4f58-bb2c-4dfe5626e537,1,2021-04-16,2,PART_2
506,d7392ba9-0969-4569-83d8-509973f34bf2,1,2021-04-15,1,PART_2
507,d7392ba9-0969-4569-83d8-509973f34bf2,1,2021-04-16,6,PART_2
508,c057fd22-d688-4bd1-a13a-3d30b93cfb1c,1,2021-04-16,1,PART_4
509,5834390f-4f19-464a-a5b4-bcf8d5f21914,1,2021-04-17,2,PART_3
510,5834390f-4f19-464a-a5b4-bcf8d5f21914,1,2021-04-17,1,PART_4
511,47f4825a-8b97-43bf-b76a-2a53992b6b1b,1,2021-04-18,2,PART_1
512,5834390f-4f19-464a-a5b4-bcf8d5f21914,1,2021-04-18,4,PART_2
513,5834390f-4f19-464a-a5b4-bcf8d5f21914,2,2021-04-18,2,PART_2
514,47f4825a-8b97-43bf-b76a-2a53992b6b1b,1,2021-04-18,1,PART_2
515,fe081513-1e2d-4f58-bb2c-4dfe5626e537,1,2021-04-18,3,PART_2
516,768f5c9d-bb6c-4938-b3d2-260c053ffc7a,1,2021-04-15,1,PART_3
517,768f5c9d-bb6c-4938-b3d2-260c053ffc7a,1,2021-04-18,2,PART_2
518,47f4825a-8b97-43bf-b76a-2a53992b6b1b,1,2021-04-18,2,PART_3
519,fe081513-1e2d-4f58-bb2c-4dfe5626e537,1,2021-04-18,3,PART_3
520,ac4eb76a-e3da-4956-90f3-02ee809b3339,1,2021-04-18,1,PART_2
521,ac4eb76a-e3da-4956-90f3-02ee809b3339,1,2021-04-18,1,PART_3
522,5834390f-4f19-464a-a5b4-bcf8d5f21914,1,2021-04-18,3,PART_3
523,43ac9987-5fb6-4c1f-a700-99b873cfc214,1,2021-04-16,1,PART_1
524,43ac9987-5fb6-4c1f-a700-99b873cfc214,1,2021-04-18,2,PART_1
525,43ac9987-5fb6-4c1f-a700-99b873cfc214,1,2021-04-18,2,PART_3
526,3a14b159-bea9-4f66-bc30-abe0eb52e7bd,1,2021-04-17,1,PART_3
527,3a14b159-bea9-4f66-bc30-abe0eb52e7bd,1,2021-04-18,2,PART_2
528,c057fd22-d688-4bd1-a13a-3d30b93cfb1c,1,2021-04-19,5,PART_2
529,fe081513-1e2d-4f58-bb2c-4dfe5626e537,1,2021-04-19,2,PART_2
530,fe081513-1e2d-4f58-bb2c-4dfe5626e537,1,2021-04-19,5,PART_3
531,ac4eb76a-e3da-4956-90f3-02ee809b3339,1,2021-04-19,1,PART_3
532,47f4825a-8b97-43bf-b76a-2a53992b6b1b,1,2021-04-19,1,PART_1
533,47f4825a-8b97-43bf-b76a-2a53992b6b1b,1,2021-04-19,1,PART_2
534,fe081513-1e2d-4f58-bb2c-4dfe5626e537,1,2021-04-20,1,PART_1
535,3a14b159-bea9-4f66-bc30-abe0eb52e7bd,1,2021-04-19,2,PART_2
536,3a14b159-bea9-4f66-bc30-abe0eb52e7bd,1,2021-04-18,1,PART_3
537,3a14b159-bea9-4f66-bc30-abe0eb52e7bd,1,2021-04-19,3,PART_3
538,475d0148-1ae7-4407-936d-df9b3f3d1b32,1,2021-04-19,1,PART_2
539,e9544c58-5d20-4508-82d1-4a152d502cc7,1,2021-04-20,1,PART_1
540,ac4eb76a-e3da-4956-90f3-02ee809b3339,1,2021-04-20,2,PART_2
541,ac4eb76a-e3da-4956-90f3-02ee809b3339,1,2021-04-20,1,PART_3
542,ac4eb76a-e3da-4956-90f3-02ee809b3339,1,2021-04-20,1,PART_4
543,47f4825a-8b97-43bf-b76a-2a53992b6b1b,1,2021-04-20,3,PART_1
544,47f4825a-8b97-43bf-b76a-2a53992b6b1b,1,2021-04-20,4,PART_2
545,47f4825a-8b97-43bf-b76a-2a53992b6b1b,1,2021-04-20,2,PART_3
546,47f4825a-8b97-43bf-b76a-2a53992b6b1b,1,2021-04-20,1,PART_4
547,47f4825a-8b97-43bf-b76a-2a53992b6b1b,1,2021-04-21,3,PART_1
548,47f4825a-8b97-43bf-b76a-2a53992b6b1b,1,2021-04-21,6,PART_2
549,47f4825a-8b97-43bf-b76a-2a53992b6b1b,1,2021-04-22,3,PART_2
550,47f4825a-8b97-43bf-b76a-2a53992b6b1b,1,2021-04-23,1,PART_1
551,47f4825a-8b97-43bf-b76a-2a53992b6b1b,1,2021-04-23,4,PART_2
552,ac4eb76a-e3da-4956-90f3-02ee809b3339,1,2021-04-22,1,PART_3
553,ac4eb76a-e3da-4956-90f3-02ee809b3339,1,2021-04-22,1,PART_4
554,34e8eaf4-2574-4047-b3dc-cb25aeb475df,1,2021-05-18,4,PART_2
555,58400cd0-ace4-453b-841f-7e765f83b9f1,1,2021-05-18,2,PART_2
556,644d9e5c-61d3-48cf-9562-100196fc829e,1,2021-05-18,1,PART_2
557,58400cd0-ace4-453b-841f-7e765f83b9f1,1,2021-05-18,2,PART_3
558,34e8eaf4-2574-4047-b3dc-cb25aeb475df,1,2021-05-18,1,PART_3
559,02fe3e24-cd0b-43dd-aad3-97c36405bdd2,1,2021-05-18,5,PART_3
560,82bce2f3-f6c8-4808-90a6-f13535b09409,1,2021-05-18,1,PART_3
561,34e8eaf4-2574-4047-b3dc-cb25aeb475df,1,2021-05-19,1,PART_1
562,58400cd0-ace4-453b-841f-7e765f83b9f1,1,2021-05-19,7,PART_2
563,34e8eaf4-2574-4047-b3dc-cb25aeb475df,1,2021-05-19,2,PART_2
564,34e8eaf4-2574-4047-b3dc-cb25aeb475df,2,2021-05-19,1,PART_2
565,82bce2f3-f6c8-4808-90a6-f13535b09409,1,2021-05-19,1,PART_2
566,34e8eaf4-2574-4047-b3dc-cb25aeb475df,1,2021-05-19,1,PART_3
567,db271d26-cce9-4d17-ba82-888b5051c1fb,1,2021-05-19,1,PART_3
568,58400cd0-ace4-453b-841f-7e765f83b9f1,1,2021-05-19,1,PART_3
569,58400cd0-ace4-453b-841f-7e765f83b9f1,1,2021-05-20,2,PART_1
570,a52ba679-4568-4f64-965c-2043909764e6,1,2021-05-19,1,PART_3
571,a52ba679-4568-4f64-965c-2043909764e6,1,2021-05-20,1,PART_1
572,34e8eaf4-2574-4047-b3dc-cb25aeb475df,1,2021-05-20,2,PART_2
573,26ee3598-68fc-471d-a913-70f6bd3bc2e3,1,2021-05-20,9,PART_2
574,a52ba679-4568-4f64-965c-2043909764e6,1,2021-05-20,11,PART_2
575,cedf4923-48b6-454c-92a2-c4eaf0540255,1,2021-05-20,1,PART_2
576,26ee3598-68fc-471d-a913-70f6bd3bc2e3,1,2021-05-20,4,PART_3
577,58400cd0-ace4-453b-841f-7e765f83b9f1,1,2021-05-20,1,PART_3
578,2ab92b8c-131e-4ee3-b445-9d0ed9bbab79,1,2021-05-20,2,PART_3
579,a52ba679-4568-4f64-965c-2043909764e6,1,2021-05-20,1,PART_3
580,2ab92b8c-131e-4ee3-b445-9d0ed9bbab79,1,2021-05-21,1,PART_1
581,26ee3598-68fc-471d-a913-70f6bd3bc2e3,1,2021-05-21,2,PART_2
582,2ab92b8c-131e-4ee3-b445-9d0ed9bbab79,1,2021-05-21,1,PART_2
583,ea683aad-53d8-40da-a93b-1d8523ecb935,1,2021-05-21,1,PART_3
584,a52ba679-4568-4f64-965c-2043909764e6,1,2021-05-21,2,PART_2
585,a52ba679-4568-4f64-965c-2043909764e6,2,2021-05-21,3,PART_2
586,82bce2f3-f6c8-4808-90a6-f13535b09409,1,2021-05-21,1,PART_3
587,4151ba55-bd5d-4914-a2e8-c2c51efbd7cd,1,2021-05-19,1,PART_1
588,4151ba55-bd5d-4914-a2e8-c2c51efbd7cd,1,2021-05-19,1,PART_2
589,4151ba55-bd5d-4914-a2e8-c2c51efbd7cd,1,2021-05-19,1,PART_3
590,4151ba55-bd5d-4914-a2e8-c2c51efbd7cd,1,2021-05-19,1,PART_4
591,4151ba55-bd5d-4914-a2e8-c2c51efbd7cd,1,2021-05-20,3,PART_2
592,4151ba55-bd5d-4914-a2e8-c2c51efbd7cd,1,2021-05-21,1,PART_1
593,4151ba55-bd5d-4914-a2e8-c2c51efbd7cd,1,2021-05-21,1,PART_3
594,a52ba679-4568-4f64-965c-2043909764e6,1,2021-05-22,2,PART_1
595,b39b2dfa-3f04-493e-8c0b-4ac90177f8a1,1,2021-05-21,1,PART_2
596,b39b2dfa-3f04-493e-8c0b-4ac90177f8a1,1,2021-05-22,2,PART_3
597,f82c37c5-7678-4c82-9ddd-427ac0abd9d7,1,2021-05-20,1,PART_3
598,f82c37c5-7678-4c82-9ddd-427ac0abd9d7,1,2021-05-22,1,PART_3
599,ea683aad-53d8-40da-a93b-1d8523ecb935,1,2021-05-23,1,PART_1
600,ea683aad-53d8-40da-a93b-1d8523ecb935,1,2021-05-23,4,PART_2
601,26ee3598-68fc-471d-a913-70f6bd3bc2e3,1,2021-05-23,2,PART_2
602,82bce2f3-f6c8-4808-90a6-f13535b09409,1,2021-05-23,2,PART_2
603,4151ba55-bd5d-4914-a2e8-c2c51efbd7cd,1,2021-05-23,3,PART_2
604,34e8eaf4-2574-4047-b3dc-cb25aeb475df,1,2021-05-23,2,PART_2
605,afb70012-911c-4dda-a50f-9776ec3010df,1,2021-05-23,3,PART_2
606,26ee3598-68fc-471d-a913-70f6bd3bc2e3,1,2021-05-23,2,PART_3
607,9e8ac499-af9f-4a34-8bc0-b43af3eac765,1,2021-05-23,1,PART_1
608,9e8ac499-af9f-4a34-8bc0-b43af3eac765,1,2021-05-23,1,PART_3
609,4151ba55-bd5d-4914-a2e8-c2c51efbd7cd,1,2021-05-23,1,PART_3
610,58400cd0-ace4-453b-841f-7e765f83b9f1,1,2021-05-23,3,PART_3
611,34e8eaf4-2574-4047-b3dc-cb25aeb475df,1,2021-05-23,2,PART_3
612,ea683aad-53d8-40da-a93b-1d8523ecb935,1,2021-05-23,1,PART_3
613,b39b2dfa-3f04-493e-8c0b-4ac90177f8a1,1,2021-05-23,2,PART_3
614,4e232dd4-b244-4391-9b61-a91efc9ee2a8,1,2021-05-23,1,PART_3
615,4151ba55-bd5d-4914-a2e8-c2c51efbd7cd,1,2021-05-24,1,PART_1
616,34e8eaf4-2574-4047-b3dc-cb25aeb475df,1,2021-05-24,1,PART_1
617,b39b2dfa-3f04-493e-8c0b-4ac90177f8a1,1,2021-05-24,1,PART_1
618,34e8eaf4-2574-4047-b3dc-cb25aeb475df,1,2021-05-24,3,PART_2
619,b39b2dfa-3f04-493e-8c0b-4ac90177f8a1,1,2021-05-24,5,PART_2
620,26ee3598-68fc-471d-a913-70f6bd3bc2e3,1,2021-05-24,2,PART_2
621,58400cd0-ace4-453b-841f-7e765f83b9f1,1,2021-05-24,4,PART_2
622,ea683aad-53d8-40da-a93b-1d8523ecb935,1,2021-05-24,2,PART_2
623,58400cd0-ace4-453b-841f-7e765f83b9f1,1,2021-05-24,2,PART_3
624,b39b2dfa-3f04-493e-8c0b-4ac90177f8a1,1,2021-05-24,4,PART_3
625,26ee3598-68fc-471d-a913-70f6bd3bc2e3,1,2021-05-24,3,PART_3
626,4151ba55-bd5d-4914-a2e8-c2c51efbd7cd,1,2021-05-24,1,PART_3
627,afb70012-911c-4dda-a50f-9776ec3010df,1,2021-05-24,6,PART_3
628,afb70012-911c-4dda-a50f-9776ec3010df,2,2021-05-24,1,PART_3
629,9a1f747a-741f-4a25-af19-1aba27eb4c1f,1,2021-05-24,1,PART_1
630,9a1f747a-741f-4a25-af19-1aba27eb4c1f,1,2021-05-24,1,PART_3
631,a52ba679-4568-4f64-965c-2043909764e6,1,2021-05-23,1,PART_3
632,a52ba679-4568-4f64-965c-2043909764e6,1,2021-05-24,3,PART_1
633,a52ba679-4568-4f64-965c-2043909764e6,1,2021-05-24,6,PART_2
634,26ee3598-68fc-471d-a913-70f6bd3bc2e3,1,2021-05-24,1,PART_4
635,afb70012-911c-4dda-a50f-9776ec3010df,1,2021-05-25,1,PART_1
636,26ee3598-68fc-471d-a913-70f6bd3bc2e3,1,2021-05-25,1,PART_1
637,ea683aad-53d8-40da-a93b-1d8523ecb935,1,2021-05-25,1,PART_1
638,58400cd0-ace4-453b-841f-7e765f83b9f1,1,2021-05-25,1,PART_2
639,ea683aad-53d8-40da-a93b-1d8523ecb935,1,2021-05-25,5,PART_2
640,34e8eaf4-2574-4047-b3dc-cb25aeb475df,1,2021-05-25,3,PART_2
641,34e8eaf4-2574-4047-b3dc-cb25aeb475df,1,2021-05-25,2,PART_3
642,4151ba55-bd5d-4914-a2e8-c2c51efbd7cd,1,2021-05-25,1,PART_3
643,58400cd0-ace4-453b-841f-7e765f83b9f1,1,2021-05-25,3,PART_3
644,b39b2dfa-3f04-493e-8c0b-4ac90177f8a1,1,2021-05-25,3,PART_3
645,afb70012-911c-4dda-a50f-9776ec3010df,1,2021-05-25,1,PART_3
646,ea683aad-53d8-40da-a93b-1d8523ecb935,1,2021-05-25,1,PART_3
647,26ee3598-68fc-471d-a913-70f6bd3bc2e3,1,2021-05-25,2,PART_4
648,4e232dd4-b244-4391-9b61-a91efc9ee2a8,1,2021-05-26,1,PART_1
649,4151ba55-bd5d-4914-a2e8-c2c51efbd7cd,1,2021-05-26,1,PART_1
650,ea683aad-53d8-40da-a93b-1d8523ecb935,1,2021-05-26,1,PART_1
651,26ee3598-68fc-471d-a913-70f6bd3bc2e3,1,2021-05-26,5,PART_2
652,afb70012-911c-4dda-a50f-9776ec3010df,1,2021-05-26,1,PART_2
653,4151ba55-bd5d-4914-a2e8-c2c51efbd7cd,1,2021-05-26,3,PART_2
654,b39b2dfa-3f04-493e-8c0b-4ac90177f8a1,1,2021-05-26,1,PART_2
655,950b0641-5535-4c73-b611-edcd03393432,1,2021-05-24,1,PART_3
656,950b0641-5535-4c73-b611-edcd03393432,1,2021-05-26,3,PART_2
657,abfe00b7-3eee-4b59-9897-926b9beb66c0,1,2021-05-26,4,PART_2
658,a52ba679-4568-4f64-965c-2043909764e6,1,2021-05-25,2,PART_3
659,a52ba679-4568-4f64-965c-2043909764e6,1,2021-05-26,20,PART_1
660,a52ba679-4568-4f64-965c-2043909764e6,2,2021-05-26,14,PART_1
661,a52ba679-4568-4f64-965c-2043909764e6,1,2021-05-26,4,PART_2
662,58400cd0-ace4-453b-841f-7e765f83b9f1,1,2021-05-26,1,PART_2
663,afb70012-911c-4dda-a50f-9776ec3010df,1,2021-05-26,2,PART_3
664,950b0641-5535-4c73-b611-edcd03393432,1,2021-05-26,2,PART_3
665,abfe00b7-3eee-4b59-9897-926b9beb66c0,1,2021-05-26,1,PART_3
666,58400cd0-ace4-453b-841f-7e765f83b9f1,1,2021-05-26,1,PART_3
667,b39b2dfa-3f04-493e-8c0b-4ac90177f8a1,1,2021-05-26,3,PART_3
668,26ee3598-68fc-471d-a913-70f6bd3bc2e3,1,2021-05-26,1,PART_4
669,950b0641-5535-4c73-b611-edcd03393432,1,2021-05-27,1,PART_1
670,b39b2dfa-3f04-493e-8c0b-4ac90177f8a1,1,2021-05-27,1,PART_1
671,afb70012-911c-4dda-a50f-9776ec3010df,1,2021-05-27,3,PART_2
672,26ee3598-68fc-471d-a913-70f6bd3bc2e3,1,2021-05-27,2,PART_2
673,b39b2dfa-3f04-493e-8c0b-4ac90177f8a1,1,2021-05-27,1,PART_2
674,58400cd0-ace4-453b-841f-7e765f83b9f1,1,2021-05-27,4,PART_2
675,950b0641-5535-4c73-b611-edcd03393432,2,2021-05-27,2,PART_2
676,950b0641-5535-4c73-b611-edcd03393432,1,2021-05-27,1,PART_2
677,26ee3598-68fc-471d-a913-70f6bd3bc2e3,1,2021-05-27,1,PART_3
678,58400cd0-ace4-453b-841f-7e765f83b9f1,1,2021-05-27,2,PART_3
679,9a1f747a-741f-4a25-af19-1aba27eb4c1f,1,2021-05-27,1,PART_1
680,9a1f747a-741f-4a25-af19-1aba27eb4c1f,2,2021-05-27,1,PART_3
681,950b0641-5535-4c73-b611-edcd03393432,1,2021-05-27,3,PART_3
682,26ee3598-68fc-471d-a913-70f6bd3bc2e3,1,2021-05-28,1,PART_3
683,f856f324-d9f5-4fee-b92d-88efe586bc22,1,2021-04-26,1,PART_1
684,f856f324-d9f5-4fee-b92d-88efe586bc22,1,2021-04-26,2,PART_3
685,f856f324-d9f5-4fee-b92d-88efe586bc22,1,2021-04-26,2,PART_4
686,f856f324-d9f5-4fee-b92d-88efe586bc22,1,2021-04-27,4,PART_2
687,f856f324-d9f5-4fee-b92d-88efe586bc22,1,2021-04-27,2,PART_3
688,f856f324-d9f5-4fee-b92d-88efe586bc22,1,2021-05-04,2,PART_1
689,f856f324-d9f5-4fee-b92d-88efe586bc22,1,2021-05-04,2,PART_2
690,f856f324-d9f5-4fee-b92d-88efe586bc22,1,2021-05-04,6,PART_3
691,f856f324-d9f5-4fee-b92d-88efe586bc22,1,2021-05-08,2,PART_4
692,f856f324-d9f5-4fee-b92d-88efe586bc22,1,2021-05-09,4,PART_1
693,f856f324-d9f5-4fee-b92d-88efe586bc22,1,2021-05-09,4,PART_2
694,f856f324-d9f5-4fee-b92d-88efe586bc22,1,2021-05-09,2,PART_3
695,f856f324-d9f5-4fee-b92d-88efe586bc22,1,2021-05-21,2,PART_2
696,f856f324-d9f5-4fee-b92d-88efe586bc22,1,2021-05-23,6,PART_2
697,f856f324-d9f5-4fee-b92d-88efe586bc22,1,2021-05-23,2,PART_3
698,f856f324-d9f5-4fee-b92d-88efe586bc22,1,2021-05-24,2,PART_1
699,f856f324-d9f5-4fee-b92d-88efe586bc22,1,2021-05-24,2,PART_3
700,f856f324-d9f5-4fee-b92d-88efe586bc22,1,2021-05-26,2,PART_1
701,afb70012-911c-4dda-a50f-9776ec3010df,1,2021-05-29,1,PART_2
702,abfe00b7-3eee-4b59-9897-926b9beb66c0,1,2021-05-29,1,PART_3
703,2ab92b8c-131e-4ee3-b445-9d0ed9bbab79,1,2021-05-28,1,PART_1
704,2ab92b8c-131e-4ee3-b445-9d0ed9bbab79,1,2021-05-29,1,PART_4
705,afb70012-911c-4dda-a50f-9776ec3010df,1,2021-05-30,1,PART_1
706,26ee3598-68fc-471d-a913-70f6bd3bc2e3,1,2021-05-30,2,PART_1
707,abfe00b7-3eee-4b59-9897-926b9beb66c0,1,2021-05-30,1,PART_2
708,26ee3598-68fc-471d-a913-70f6bd3bc2e3,1,2021-05-30,1,PART_2
709,fc956b51-2108-4081-b863-036167f5f524,1,2021-05-30,2,PART_2
710,fc956b51-2108-4081-b863-036167f5f524,1,2021-05-30,1,PART_3
711,abfe00b7-3eee-4b59-9897-926b9beb66c0,1,2021-05-30,1,PART_3
712,abfe00b7-3eee-4b59-9897-926b9beb66c0,1,2021-05-31,1,PART_1
713,abfe00b7-3eee-4b59-9897-926b9beb66c0,1,2021-05-31,1,PART_2
714,fc956b51-2108-4081-b863-036167f5f524,1,2021-05-31,1,PART_2
715,abfe00b7-3eee-4b59-9897-926b9beb66c0,1,2021-05-31,2,PART_3
716,abfe00b7-3eee-4b59-9897-926b9beb66c0,1,2021-06-01,2,PART_1
717,abfe00b7-3eee-4b59-9897-926b9beb66c0,1,2021-06-01,2,PART_2
718,fc956b51-2108-4081-b863-036167f5f524,1,2021-06-01,1,PART_2
719,fc956b51-2108-4081-b863-036167f5f524,1,2021-06-01,3,PART_3
720,abfe00b7-3eee-4b59-9897-926b9beb66c0,1,2021-06-01,1,PART_3
721,f9765c67-7aff-4a15-be88-36b0c7577fd0,1,2021-06-02,4,PART_1
722,abfe00b7-3eee-4b59-9897-926b9beb66c0,1,2021-06-02,5,PART_2
723,f9765c67-7aff-4a15-be88-36b0c7577fd0,1,2021-06-02,7,PART_2
724,fc956b51-2108-4081-b863-036167f5f524,1,2021-06-02,3,PART_2
725,f9765c67-7aff-4a15-be88-36b0c7577fd0,1,2021-06-02,1,PART_3
726,fc956b51-2108-4081-b863-036167f5f524,1,2021-06-02,1,PART_3
727,f9765c67-7aff-4a15-be88-36b0c7577fd0,1,2021-06-03,2,PART_1
728,abfe00b7-3eee-4b59-9897-926b9beb66c0,1,2021-06-03,2,PART_1
729,fc956b51-2108-4081-b863-036167f5f524,1,2021-06-03,3,PART_2
730,f9765c67-7aff-4a15-be88-36b0c7577fd0,1,2021-06-03,2,PART_2
731,abfe00b7-3eee-4b59-9897-926b9beb66c0,1,2021-06-03,2,PART_2
732,2ab92b8c-131e-4ee3-b445-9d0ed9bbab79,1,2021-06-03,3,PART_2
733,2ab92b8c-131e-4ee3-b445-9d0ed9bbab79,2,2021-06-03,2,PART_2
734,f9765c67-7aff-4a15-be88-36b0c7577fd0,1,2021-06-03,3,PART_3
735,fc956b51-2108-4081-b863-036167f5f524,1,2021-06-03,1,PART_3
736,abfe00b7-3eee-4b59-9897-926b9beb66c0,1,2021-06-04,3,PART_1
737,fc956b51-2108-4081-b863-036167f5f524,1,2021-06-04,1,PART_1
738,f9765c67-7aff-4a15-be88-36b0c7577fd0,1,2021-06-04,1,PART_2
739,e73d0d07-0986-4081-a9de-645a2a61443c,1,2021-06-04,2,PART_3
740,f9765c67-7aff-4a15-be88-36b0c7577fd0,1,2021-06-05,1,PART_1
741,e73d0d07-0986-4081-a9de-645a2a61443c,1,2021-06-05,1,PART_2
742,abfe00b7-3eee-4b59-9897-926b9beb66c0,1,2021-06-05,1,PART_3
743,e73d0d07-0986-4081-a9de-645a2a61443c,1,2021-06-05,3,PART_3
744,e73d0d07-0986-4081-a9de-645a2a61443c,1,2021-06-05,1,PART_4
745,f9765c67-7aff-4a15-be88-36b0c7577fd0,1,2021-06-06,4,PART_1
746,e73d0d07-0986-4081-a9de-645a2a61443c,1,2021-06-06,2,PART_1
747,a8aebc01-0d35-4f9d-ae72-2870aca58167,1,2021-06-06,1,PART_1
748,abfe00b7-3eee-4b59-9897-926b9beb66c0,1,2021-06-06,1,PART_1
749,f9765c67-7aff-4a15-be88-36b0c7577fd0,1,2021-06-06,2,PART_2
750,fc956b51-2108-4081-b863-036167f5f524,1,2021-06-06,1,PART_2
751,a8aebc01-0d35-4f9d-ae72-2870aca58167,1,2021-06-06,1,PART_2
752,e73d0d07-0986-4081-a9de-645a2a61443c,1,2021-06-06,4,PART_2
753,a8aebc01-0d35-4f9d-ae72-2870aca58167,1,2021-06-06,4,PART_3
754,f9765c67-7aff-4a15-be88-36b0c7577fd0,1,2021-06-06,4,PART_3
755,e73d0d07-0986-4081-a9de-645a2a61443c,1,2021-06-06,3,PART_3
756,abfe00b7-3eee-4b59-9897-926b9beb66c0,1,2021-06-06,2,PART_3
757,a8aebc01-0d35-4f9d-ae72-2870aca58167,1,2021-06-07,1,PART_1
758,e73d0d07-0986-4081-a9de-645a2a61443c,1,2021-06-07,1,PART_1
759,abfe00b7-3eee-4b59-9897-926b9beb66c0,1,2021-06-07,1,PART_1
760,abfe00b7-3eee-4b59-9897-926b9beb66c0,1,2021-06-07,1,PART_2
761,fc956b51-2108-4081-b863-036167f5f524,1,2021-06-07,1,PART_1
762,f9765c67-7aff-4a15-be88-36b0c7577fd0,1,2021-06-07,2,PART_2
763,fc956b51-2108-4081-b863-036167f5f524,1,2021-06-07,1,PART_2
764,e73d0d07-0986-4081-a9de-645a2a61443c,1,2021-06-07,2,PART_3
765,e73d0d07-0986-4081-a9de-645a2a61443c,1,2021-06-07,1,PART_4
766,e73d0d07-0986-4081-a9de-645a2a61443c,1,2021-06-08,1,PART_1
767,abfe00b7-3eee-4b59-9897-926b9beb66c0,1,2021-06-08,1,PART_1
768,a8aebc01-0d35-4f9d-ae72-2870aca58167,1,2021-06-07,1,PART_3
769,a8aebc01-0d35-4f9d-ae72-2870aca58167,1,2021-06-08,1,PART_1
770,e73d0d07-0986-4081-a9de-645a2a61443c,1,2021-06-08,2,PART_2
771,a8aebc01-0d35-4f9d-ae72-2870aca58167,1,2021-06-08,1,PART_2
772,abfe00b7-3eee-4b59-9897-926b9beb66c0,1,2021-06-08,3,PART_2
773,abfe00b7-3eee-4b59-9897-926b9beb66c0,1,2021-06-08,2,PART_3
774,e73d0d07-0986-4081-a9de-645a2a61443c,1,2021-06-08,7,PART_3
775,a8aebc01-0d35-4f9d-ae72-2870aca58167,1,2021-06-08,4,PART_3
776,abfe00b7-3eee-4b59-9897-926b9beb66c0,1,2021-06-08,2,PART_4
777,abfe00b7-3eee-4b59-9897-926b9beb66c0,1,2021-06-09,1,PART_1
778,a8aebc01-0d35-4f9d-ae72-2870aca58167,1,2021-06-09,1,PART_1
779,e73d0d07-0986-4081-a9de-645a2a61443c,1,2021-06-09,5,PART_2
780,abfe00b7-3eee-4b59-9897-926b9beb66c0,1,2021-06-09,1,PART_2
781,e73d0d07-0986-4081-a9de-645a2a61443c,1,2021-06-09,1,PART_3
782,e73d0d07-0986-4081-a9de-645a2a61443c,1,2021-06-09,1,PART_4
783,e73d0d07-0986-4081-a9de-645a2a61443c,1,2021-06-10,3,PART_2
784,e73d0d07-0986-4081-a9de-645a2a61443c,2,2021-06-10,1,PART_2
785,a8aebc01-0d35-4f9d-ae72-2870aca58167,1,2021-06-09,1,PART_4
786,a8aebc01-0d35-4f9d-ae72-2870aca58167,1,2021-06-11,3,PART_2
787,a8aebc01-0d35-4f9d-ae72-2870aca58167,2,2021-06-11,1,PART_2
788,a8aebc01-0d35-4f9d-ae72-2870aca58167,1,2021-06-12,2,PART_3
789,a8aebc01-0d35-4f9d-ae72-2870aca58167,1,2021-06-13,1,PART_1
790,a8aebc01-0d35-4f9d-ae72-2870aca58167,1,2021-06-13,6,PART_2
791,a8aebc01-0d35-4f9d-ae72-2870aca58167,1,2021-06-13,1,PART_3
792,a8aebc01-0d35-4f9d-ae72-2870aca58167,1,2021-06-14,2,PART_2
793,a8aebc01-0d35-4f9d-ae72-2870aca58167,1,2021-06-15,2,PART_1
794,a8aebc01-0d35-4f9d-ae72-2870aca58167,1,2021-06-15,1,PART_2
