,device_id,date,part_of_the_day,dis_trace
0,02fe3e24-cd0b-43dd-aad3-97c36405bdd2,2021-05-18,PART_3,2
1,04833a47-4da4-493c-af58-403d88c27e63,2021-04-02,PART_1,1
2,04833a47-4da4-493c-af58-403d88c27e63,2021-04-03,PART_3,2
3,04833a47-4da4-493c-af58-403d88c27e63,2021-04-04,PART_2,4
4,08541345-26e2-43c7-9391-a48ce61005d1,2021-03-31,PART_3,1
5,08541345-26e2-43c7-9391-a48ce61005d1,2021-04-05,PART_2,1
6,08541345-26e2-43c7-9391-a48ce61005d1,2021-04-05,PART_3,4
7,08541345-26e2-43c7-9391-a48ce61005d1,2021-04-06,PART_2,1
8,08541345-26e2-43c7-9391-a48ce61005d1,2021-04-06,PART_3,1
9,08541345-26e2-43c7-9391-a48ce61005d1,2021-04-07,PART_3,1
10,08541345-26e2-43c7-9391-a48ce61005d1,2021-04-08,PART_2,1
11,08541345-26e2-43c7-9391-a48ce61005d1,2021-04-08,PART_3,1
12,09d4e452-e73a-4db4-849c-8ce40dd5a30b,2021-04-12,PART_1,1
13,09d4e452-e73a-4db4-849c-8ce40dd5a30b,2021-04-12,PART_2,1
14,0bebba8c-9207-458f-a93d-5b6f4ec9357b,2021-04-06,PART_2,2
15,0e9b121b-0ce8-4bef-afe9-e6c4730dd9b8,2021-04-03,PART_2,1
16,0e9b121b-0ce8-4bef-afe9-e6c4730dd9b8,2021-04-04,PART_1,1
17,0e9b121b-0ce8-4bef-afe9-e6c4730dd9b8,2021-04-04,PART_2,3
18,0e9b121b-0ce8-4bef-afe9-e6c4730dd9b8,2021-04-05,PART_2,3
19,0e9b121b-0ce8-4bef-afe9-e6c4730dd9b8,2021-04-05,PART_3,2
20,0e9b121b-0ce8-4bef-afe9-e6c4730dd9b8,2021-04-05,PART_4,1
21,0e9b121b-0ce8-4bef-afe9-e6c4730dd9b8,2021-04-06,PART_2,1
22,0e9b121b-0ce8-4bef-afe9-e6c4730dd9b8,2021-04-06,PART_4,1
23,0e9b121b-0ce8-4bef-afe9-e6c4730dd9b8,2021-04-07,PART_2,4
24,0e9b121b-0ce8-4bef-afe9-e6c4730dd9b8,2021-04-08,PART_2,1
25,0e9b121b-0ce8-4bef-afe9-e6c4730dd9b8,2021-04-08,PART_3,1
26,0e9b121b-0ce8-4bef-afe9-e6c4730dd9b8,2021-04-09,PART_2,3
27,0e9b121b-0ce8-4bef-afe9-e6c4730dd9b8,2021-04-11,PART_2,4
28,0e9b121b-0ce8-4bef-afe9-e6c4730dd9b8,2021-04-11,PART_3,1
29,0e9b121b-0ce8-4bef-afe9-e6c4730dd9b8,2021-04-12,PART_1,2
30,0e9b121b-0ce8-4bef-afe9-e6c4730dd9b8,2021-04-12,PART_2,3
31,0e9b121b-0ce8-4bef-afe9-e6c4730dd9b8,2021-04-12,PART_3,2
32,12f13c91-3e5c-4477-a781-88bab73726bc,2021-04-02,PART_2,1
33,12f13c91-3e5c-4477-a781-88bab73726bc,2021-04-02,PART_3,1
34,12f13c91-3e5c-4477-a781-88bab73726bc,2021-04-04,PART_1,1
35,12f13c91-3e5c-4477-a781-88bab73726bc,2021-04-04,PART_2,1
36,12f13c91-3e5c-4477-a781-88bab73726bc,2021-04-04,PART_3,3
37,12f13c91-3e5c-4477-a781-88bab73726bc,2021-04-05,PART_1,1
38,12f13c91-3e5c-4477-a781-88bab73726bc,2021-04-05,PART_2,3
39,12f13c91-3e5c-4477-a781-88bab73726bc,2021-04-05,PART_3,2
40,12f13c91-3e5c-4477-a781-88bab73726bc,2021-04-05,PART_4,1
41,12f13c91-3e5c-4477-a781-88bab73726bc,2021-04-06,PART_1,2
42,12f13c91-3e5c-4477-a781-88bab73726bc,2021-04-06,PART_2,3
43,12f13c91-3e5c-4477-a781-88bab73726bc,2021-04-06,PART_3,1
44,12f13c91-3e5c-4477-a781-88bab73726bc,2021-04-07,PART_1,2
45,12f13c91-3e5c-4477-a781-88bab73726bc,2021-04-07,PART_2,1
46,12f13c91-3e5c-4477-a781-88bab73726bc,2021-04-08,PART_1,1
47,12f13c91-3e5c-4477-a781-88bab73726bc,2021-04-08,PART_3,1
48,12f13c91-3e5c-4477-a781-88bab73726bc,2021-04-09,PART_2,1
49,12f13c91-3e5c-4477-a781-88bab73726bc,2021-04-10,PART_3,1
50,145427c3-4dc0-40f0-80e9-ff921bf14b72,2021-04-01,PART_3,1
51,145427c3-4dc0-40f0-80e9-ff921bf14b72,2021-04-02,PART_2,1
52,145427c3-4dc0-40f0-80e9-ff921bf14b72,2021-04-03,PART_2,1
53,145427c3-4dc0-40f0-80e9-ff921bf14b72,2021-04-04,PART_1,1
54,145427c3-4dc0-40f0-80e9-ff921bf14b72,2021-04-04,PART_2,1
55,145427c3-4dc0-40f0-80e9-ff921bf14b72,2021-04-04,PART_3,1
56,145427c3-4dc0-40f0-80e9-ff921bf14b72,2021-04-05,PART_1,1
57,145427c3-4dc0-40f0-80e9-ff921bf14b72,2021-04-05,PART_2,2
58,145427c3-4dc0-40f0-80e9-ff921bf14b72,2021-04-05,PART_3,1
59,145427c3-4dc0-40f0-80e9-ff921bf14b72,2021-04-06,PART_1,1
60,145427c3-4dc0-40f0-80e9-ff921bf14b72,2021-04-06,PART_2,1
61,145427c3-4dc0-40f0-80e9-ff921bf14b72,2021-04-06,PART_3,1
62,145427c3-4dc0-40f0-80e9-ff921bf14b72,2021-04-07,PART_1,1
63,145427c3-4dc0-40f0-80e9-ff921bf14b72,2021-04-07,PART_2,1
64,145427c3-4dc0-40f0-80e9-ff921bf14b72,2021-04-08,PART_2,1
65,145427c3-4dc0-40f0-80e9-ff921bf14b72,2021-04-08,PART_3,1
66,171408ba-1802-416a-b00d-335bbe2eee6e,2021-03-30,PART_2,3
67,171408ba-1802-416a-b00d-335bbe2eee6e,2021-03-30,PART_3,1
68,171408ba-1802-416a-b00d-335bbe2eee6e,2021-03-31,PART_1,3
69,171408ba-1802-416a-b00d-335bbe2eee6e,2021-04-01,PART_2,1
70,171408ba-1802-416a-b00d-335bbe2eee6e,2021-04-01,PART_3,1
71,171408ba-1802-416a-b00d-335bbe2eee6e,2021-04-02,PART_2,2
72,171408ba-1802-416a-b00d-335bbe2eee6e,2021-04-04,PART_1,1
73,171408ba-1802-416a-b00d-335bbe2eee6e,2021-04-04,PART_2,3
74,171408ba-1802-416a-b00d-335bbe2eee6e,2021-04-04,PART_3,1
75,171408ba-1802-416a-b00d-335bbe2eee6e,2021-04-05,PART_1,1
76,171408ba-1802-416a-b00d-335bbe2eee6e,2021-04-05,PART_2,1
77,171408ba-1802-416a-b00d-335bbe2eee6e,2021-04-05,PART_3,1
78,171408ba-1802-416a-b00d-335bbe2eee6e,2021-04-05,PART_4,1
79,171408ba-1802-416a-b00d-335bbe2eee6e,2021-04-06,PART_1,4
80,171408ba-1802-416a-b00d-335bbe2eee6e,2021-04-06,PART_2,4
81,171408ba-1802-416a-b00d-335bbe2eee6e,2021-04-07,PART_1,1
82,186ac443-305a-4beb-b7ee-7558d7be13d7,2021-04-03,PART_1,1
83,186ac443-305a-4beb-b7ee-7558d7be13d7,2021-04-04,PART_2,1
84,186ac443-305a-4beb-b7ee-7558d7be13d7,2021-04-05,PART_1,3
85,186ac443-305a-4beb-b7ee-7558d7be13d7,2021-04-05,PART_2,1
86,186ac443-305a-4beb-b7ee-7558d7be13d7,2021-04-05,PART_3,2
87,186ac443-305a-4beb-b7ee-7558d7be13d7,2021-04-05,PART_4,1
88,186ac443-305a-4beb-b7ee-7558d7be13d7,2021-04-06,PART_2,1
89,186ac443-305a-4beb-b7ee-7558d7be13d7,2021-04-06,PART_4,1
90,186ac443-305a-4beb-b7ee-7558d7be13d7,2021-04-07,PART_1,1
91,186ac443-305a-4beb-b7ee-7558d7be13d7,2021-04-07,PART_2,3
92,186ac443-305a-4beb-b7ee-7558d7be13d7,2021-04-07,PART_4,1
93,186ac443-305a-4beb-b7ee-7558d7be13d7,2021-04-08,PART_2,2
94,186ac443-305a-4beb-b7ee-7558d7be13d7,2021-04-08,PART_3,2
95,186ac443-305a-4beb-b7ee-7558d7be13d7,2021-04-08,PART_4,1
96,186ac443-305a-4beb-b7ee-7558d7be13d7,2021-04-09,PART_2,2
97,18aaeaaa-58e3-47d5-ab81-fef2063d340e,2021-01-04,PART_2,2
98,18aaeaaa-58e3-47d5-ab81-fef2063d340e,2021-01-04,PART_3,1
99,18aaeaaa-58e3-47d5-ab81-fef2063d340e,2021-01-05,PART_3,3
100,18aaeaaa-58e3-47d5-ab81-fef2063d340e,2021-01-06,PART_3,2
101,18aaeaaa-58e3-47d5-ab81-fef2063d340e,2021-01-07,PART_3,1
102,18aaeaaa-58e3-47d5-ab81-fef2063d340e,2021-01-08,PART_3,1
103,18aaeaaa-58e3-47d5-ab81-fef2063d340e,2021-01-09,PART_4,1
104,18aaeaaa-58e3-47d5-ab81-fef2063d340e,2021-01-10,PART_1,1
105,18aaeaaa-58e3-47d5-ab81-fef2063d340e,2021-01-10,PART_2,2
106,1e64a9ac-ccc2-4bf7-9092-87a26382b192,2021-03-30,PART_3,2
107,1e64a9ac-ccc2-4bf7-9092-87a26382b192,2021-03-31,PART_2,1
108,1e64a9ac-ccc2-4bf7-9092-87a26382b192,2021-03-31,PART_3,1
109,1e64a9ac-ccc2-4bf7-9092-87a26382b192,2021-04-01,PART_2,2
110,1e64a9ac-ccc2-4bf7-9092-87a26382b192,2021-04-04,PART_2,2
111,1e64a9ac-ccc2-4bf7-9092-87a26382b192,2021-04-05,PART_2,2
112,1e64a9ac-ccc2-4bf7-9092-87a26382b192,2021-04-05,PART_3,1
113,1e64a9ac-ccc2-4bf7-9092-87a26382b192,2021-04-06,PART_2,1
114,1e64a9ac-ccc2-4bf7-9092-87a26382b192,2021-04-06,PART_3,1
115,216f9f63-1699-4b3e-85fa-0013505dc5fd,2021-04-05,PART_3,1
116,216f9f63-1699-4b3e-85fa-0013505dc5fd,2021-04-06,PART_1,1
117,216f9f63-1699-4b3e-85fa-0013505dc5fd,2021-04-06,PART_2,2
118,216f9f63-1699-4b3e-85fa-0013505dc5fd,2021-04-07,PART_1,1
119,216f9f63-1699-4b3e-85fa-0013505dc5fd,2021-04-07,PART_2,2
120,216f9f63-1699-4b3e-85fa-0013505dc5fd,2021-04-08,PART_1,1
121,216f9f63-1699-4b3e-85fa-0013505dc5fd,2021-04-08,PART_2,1
122,216f9f63-1699-4b3e-85fa-0013505dc5fd,2021-04-09,PART_1,1
123,216f9f63-1699-4b3e-85fa-0013505dc5fd,2021-04-11,PART_1,2
124,216f9f63-1699-4b3e-85fa-0013505dc5fd,2021-04-11,PART_2,4
125,216f9f63-1699-4b3e-85fa-0013505dc5fd,2021-04-11,PART_3,1
126,216f9f63-1699-4b3e-85fa-0013505dc5fd,2021-04-12,PART_2,2
127,216f9f63-1699-4b3e-85fa-0013505dc5fd,2021-04-12,PART_3,1
128,26ee3598-68fc-471d-a913-70f6bd3bc2e3,2021-05-20,PART_2,3
129,26ee3598-68fc-471d-a913-70f6bd3bc2e3,2021-05-20,PART_3,3
130,26ee3598-68fc-471d-a913-70f6bd3bc2e3,2021-05-21,PART_2,2
131,26ee3598-68fc-471d-a913-70f6bd3bc2e3,2021-05-23,PART_2,2
132,26ee3598-68fc-471d-a913-70f6bd3bc2e3,2021-05-23,PART_3,2
133,26ee3598-68fc-471d-a913-70f6bd3bc2e3,2021-05-24,PART_2,2
134,26ee3598-68fc-471d-a913-70f6bd3bc2e3,2021-05-24,PART_3,3
135,26ee3598-68fc-471d-a913-70f6bd3bc2e3,2021-05-24,PART_4,1
136,26ee3598-68fc-471d-a913-70f6bd3bc2e3,2021-05-25,PART_1,1
137,26ee3598-68fc-471d-a913-70f6bd3bc2e3,2021-05-25,PART_4,2
138,26ee3598-68fc-471d-a913-70f6bd3bc2e3,2021-05-26,PART_2,5
139,26ee3598-68fc-471d-a913-70f6bd3bc2e3,2021-05-26,PART_4,1
140,26ee3598-68fc-471d-a913-70f6bd3bc2e3,2021-05-27,PART_2,2
141,26ee3598-68fc-471d-a913-70f6bd3bc2e3,2021-05-27,PART_3,1
142,26ee3598-68fc-471d-a913-70f6bd3bc2e3,2021-05-28,PART_3,1
143,26ee3598-68fc-471d-a913-70f6bd3bc2e3,2021-05-30,PART_1,2
144,26ee3598-68fc-471d-a913-70f6bd3bc2e3,2021-05-30,PART_2,1
145,2ab92b8c-131e-4ee3-b445-9d0ed9bbab79,2021-05-20,PART_3,2
146,2ab92b8c-131e-4ee3-b445-9d0ed9bbab79,2021-05-21,PART_1,1
147,2ab92b8c-131e-4ee3-b445-9d0ed9bbab79,2021-05-21,PART_2,1
148,2ab92b8c-131e-4ee3-b445-9d0ed9bbab79,2021-05-28,PART_1,1
149,2ab92b8c-131e-4ee3-b445-9d0ed9bbab79,2021-05-29,PART_4,1
150,2ab92b8c-131e-4ee3-b445-9d0ed9bbab79,2021-06-03,PART_2,3
151,34e8eaf4-2574-4047-b3dc-cb25aeb475df,2021-05-18,PART_2,4
152,34e8eaf4-2574-4047-b3dc-cb25aeb475df,2021-05-18,PART_3,1
153,34e8eaf4-2574-4047-b3dc-cb25aeb475df,2021-05-19,PART_1,1
154,34e8eaf4-2574-4047-b3dc-cb25aeb475df,2021-05-19,PART_2,2
155,34e8eaf4-2574-4047-b3dc-cb25aeb475df,2021-05-19,PART_3,1
156,34e8eaf4-2574-4047-b3dc-cb25aeb475df,2021-05-20,PART_2,2
157,34e8eaf4-2574-4047-b3dc-cb25aeb475df,2021-05-23,PART_2,2
158,34e8eaf4-2574-4047-b3dc-cb25aeb475df,2021-05-23,PART_3,2
159,34e8eaf4-2574-4047-b3dc-cb25aeb475df,2021-05-24,PART_1,1
160,34e8eaf4-2574-4047-b3dc-cb25aeb475df,2021-05-24,PART_2,3
161,34e8eaf4-2574-4047-b3dc-cb25aeb475df,2021-05-25,PART_2,3
162,34e8eaf4-2574-4047-b3dc-cb25aeb475df,2021-05-25,PART_3,2
163,396fc6c7-66b3-48e0-939b-157f1d2da6bb,2021-04-02,PART_2,1
164,396fc6c7-66b3-48e0-939b-157f1d2da6bb,2021-04-06,PART_2,1
165,396fc6c7-66b3-48e0-939b-157f1d2da6bb,2021-04-08,PART_3,1
166,396fc6c7-66b3-48e0-939b-157f1d2da6bb,2021-04-09,PART_3,1
167,399f9351-8cda-413e-94e2-baa009ed2719,2021-04-02,PART_2,1
168,399f9351-8cda-413e-94e2-baa009ed2719,2021-04-04,PART_2,1
169,399f9351-8cda-413e-94e2-baa009ed2719,2021-04-05,PART_2,2
170,399f9351-8cda-413e-94e2-baa009ed2719,2021-04-05,PART_3,3
171,399f9351-8cda-413e-94e2-baa009ed2719,2021-04-06,PART_1,1
172,399f9351-8cda-413e-94e2-baa009ed2719,2021-04-08,PART_4,1
173,399f9351-8cda-413e-94e2-baa009ed2719,2021-04-09,PART_2,1
174,3a14b159-bea9-4f66-bc30-abe0eb52e7bd,2021-04-17,PART_3,1
175,3a14b159-bea9-4f66-bc30-abe0eb52e7bd,2021-04-18,PART_2,2
176,3a14b159-bea9-4f66-bc30-abe0eb52e7bd,2021-04-18,PART_3,1
177,3a14b159-bea9-4f66-bc30-abe0eb52e7bd,2021-04-19,PART_2,2
178,3a14b159-bea9-4f66-bc30-abe0eb52e7bd,2021-04-19,PART_3,1
179,3ceb4a39-36f6-4618-a52e-9344a12ac9ed,2021-03-31,PART_1,1
180,3ceb4a39-36f6-4618-a52e-9344a12ac9ed,2021-03-31,PART_2,2
181,3ceb4a39-36f6-4618-a52e-9344a12ac9ed,2021-03-31,PART_3,1
182,3ceb4a39-36f6-4618-a52e-9344a12ac9ed,2021-04-01,PART_1,1
183,3ceb4a39-36f6-4618-a52e-9344a12ac9ed,2021-04-01,PART_4,1
184,3ceb4a39-36f6-4618-a52e-9344a12ac9ed,2021-04-02,PART_2,2
185,3ceb4a39-36f6-4618-a52e-9344a12ac9ed,2021-04-03,PART_3,1
186,3ceb4a39-36f6-4618-a52e-9344a12ac9ed,2021-04-04,PART_2,3
187,3ceb4a39-36f6-4618-a52e-9344a12ac9ed,2021-04-04,PART_3,1
188,3ceb4a39-36f6-4618-a52e-9344a12ac9ed,2021-04-06,PART_1,1
189,3ceb4a39-36f6-4618-a52e-9344a12ac9ed,2021-04-06,PART_2,3
190,3ceb4a39-36f6-4618-a52e-9344a12ac9ed,2021-04-07,PART_1,1
191,3d0debe8-6d3a-4ae0-8c4a-8bef33bffd56,2020-12-09,PART_3,1
192,3d0debe8-6d3a-4ae0-8c4a-8bef33bffd56,2020-12-10,PART_2,3
193,3d0debe8-6d3a-4ae0-8c4a-8bef33bffd56,2020-12-10,PART_3,1
194,3d0debe8-6d3a-4ae0-8c4a-8bef33bffd56,2020-12-11,PART_3,1
195,3d0debe8-6d3a-4ae0-8c4a-8bef33bffd56,2020-12-12,PART_2,1
196,3d0debe8-6d3a-4ae0-8c4a-8bef33bffd56,2020-12-12,PART_3,2
197,3d0debe8-6d3a-4ae0-8c4a-8bef33bffd56,2020-12-12,PART_4,1
198,3d0debe8-6d3a-4ae0-8c4a-8bef33bffd56,2020-12-13,PART_2,3
199,3d0debe8-6d3a-4ae0-8c4a-8bef33bffd56,2020-12-13,PART_3,3
200,3d0debe8-6d3a-4ae0-8c4a-8bef33bffd56,2020-12-14,PART_3,2
201,3d0debe8-6d3a-4ae0-8c4a-8bef33bffd56,2020-12-14,PART_4,1
202,3d0debe8-6d3a-4ae0-8c4a-8bef33bffd56,2020-12-15,PART_2,1
203,4151ba55-bd5d-4914-a2e8-c2c51efbd7cd,2021-05-19,PART_1,1
204,4151ba55-bd5d-4914-a2e8-c2c51efbd7cd,2021-05-19,PART_2,1
205,4151ba55-bd5d-4914-a2e8-c2c51efbd7cd,2021-05-19,PART_3,1
206,4151ba55-bd5d-4914-a2e8-c2c51efbd7cd,2021-05-19,PART_4,1
207,4151ba55-bd5d-4914-a2e8-c2c51efbd7cd,2021-05-20,PART_2,2
208,4151ba55-bd5d-4914-a2e8-c2c51efbd7cd,2021-05-21,PART_1,1
209,4151ba55-bd5d-4914-a2e8-c2c51efbd7cd,2021-05-21,PART_3,1
210,4151ba55-bd5d-4914-a2e8-c2c51efbd7cd,2021-05-23,PART_2,3
211,4151ba55-bd5d-4914-a2e8-c2c51efbd7cd,2021-05-23,PART_3,1
212,4151ba55-bd5d-4914-a2e8-c2c51efbd7cd,2021-05-24,PART_1,1
213,4151ba55-bd5d-4914-a2e8-c2c51efbd7cd,2021-05-24,PART_3,1
214,4151ba55-bd5d-4914-a2e8-c2c51efbd7cd,2021-05-25,PART_3,1
215,4151ba55-bd5d-4914-a2e8-c2c51efbd7cd,2021-05-26,PART_1,1
216,4151ba55-bd5d-4914-a2e8-c2c51efbd7cd,2021-05-26,PART_2,3
217,43ac9987-5fb6-4c1f-a700-99b873cfc214,2021-04-11,PART_3,1
218,43ac9987-5fb6-4c1f-a700-99b873cfc214,2021-04-12,PART_2,3
219,43ac9987-5fb6-4c1f-a700-99b873cfc214,2021-04-12,PART_3,1
220,43ac9987-5fb6-4c1f-a700-99b873cfc214,2021-04-13,PART_3,1
221,43ac9987-5fb6-4c1f-a700-99b873cfc214,2021-04-14,PART_1,1
222,43ac9987-5fb6-4c1f-a700-99b873cfc214,2021-04-16,PART_1,1
223,43ac9987-5fb6-4c1f-a700-99b873cfc214,2021-04-18,PART_1,2
224,43ac9987-5fb6-4c1f-a700-99b873cfc214,2021-04-18,PART_3,1
225,459a5898-acb9-4735-b5a6-3b532d4b63a3,2021-03-31,PART_3,1
226,459a5898-acb9-4735-b5a6-3b532d4b63a3,2021-04-01,PART_2,3
227,459a5898-acb9-4735-b5a6-3b532d4b63a3,2021-04-01,PART_3,1
228,459a5898-acb9-4735-b5a6-3b532d4b63a3,2021-04-03,PART_3,1
229,459a5898-acb9-4735-b5a6-3b532d4b63a3,2021-04-04,PART_1,7
230,459a5898-acb9-4735-b5a6-3b532d4b63a3,2021-04-04,PART_2,5
231,459a5898-acb9-4735-b5a6-3b532d4b63a3,2021-04-04,PART_3,2
232,459a5898-acb9-4735-b5a6-3b532d4b63a3,2021-04-05,PART_2,1
233,459a5898-acb9-4735-b5a6-3b532d4b63a3,2021-04-05,PART_3,1
234,459a5898-acb9-4735-b5a6-3b532d4b63a3,2021-04-06,PART_1,1
235,459a5898-acb9-4735-b5a6-3b532d4b63a3,2021-04-06,PART_2,3
236,459a5898-acb9-4735-b5a6-3b532d4b63a3,2021-04-06,PART_3,5
237,459a5898-acb9-4735-b5a6-3b532d4b63a3,2021-04-07,PART_1,3
238,459a5898-acb9-4735-b5a6-3b532d4b63a3,2021-04-07,PART_2,2
239,459a5898-acb9-4735-b5a6-3b532d4b63a3,2021-04-07,PART_3,1
240,475d0148-1ae7-4407-936d-df9b3f3d1b32,2021-04-19,PART_2,1
241,47bdefcf-896e-4e7b-b61b-caf6b1d92d56,2021-02-09,PART_2,3
242,47bdefcf-896e-4e7b-b61b-caf6b1d92d56,2021-02-09,PART_3,3
243,47bdefcf-896e-4e7b-b61b-caf6b1d92d56,2021-02-10,PART_1,2
244,47bdefcf-896e-4e7b-b61b-caf6b1d92d56,2021-02-10,PART_2,1
245,47bdefcf-896e-4e7b-b61b-caf6b1d92d56,2021-02-10,PART_3,1
246,47bdefcf-896e-4e7b-b61b-caf6b1d92d56,2021-02-11,PART_1,1
247,47bdefcf-896e-4e7b-b61b-caf6b1d92d56,2021-02-11,PART_2,7
248,47bdefcf-896e-4e7b-b61b-caf6b1d92d56,2021-02-11,PART_3,2
249,47bdefcf-896e-4e7b-b61b-caf6b1d92d56,2021-02-12,PART_1,2
250,47bdefcf-896e-4e7b-b61b-caf6b1d92d56,2021-02-12,PART_2,4
251,47bdefcf-896e-4e7b-b61b-caf6b1d92d56,2021-02-14,PART_1,2
252,47bdefcf-896e-4e7b-b61b-caf6b1d92d56,2021-02-14,PART_2,2
253,47bdefcf-896e-4e7b-b61b-caf6b1d92d56,2021-02-15,PART_2,4
254,47bdefcf-896e-4e7b-b61b-caf6b1d92d56,2021-02-16,PART_1,2
255,47bdefcf-896e-4e7b-b61b-caf6b1d92d56,2021-02-16,PART_2,4
256,47bdefcf-896e-4e7b-b61b-caf6b1d92d56,2021-02-16,PART_3,3
257,47bdefcf-896e-4e7b-b61b-caf6b1d92d56,2021-02-17,PART_2,2
258,47bdefcf-896e-4e7b-b61b-caf6b1d92d56,2021-02-17,PART_3,2
259,47bdefcf-896e-4e7b-b61b-caf6b1d92d56,2021-02-18,PART_1,1
260,47bdefcf-896e-4e7b-b61b-caf6b1d92d56,2021-02-18,PART_2,4
261,47bdefcf-896e-4e7b-b61b-caf6b1d92d56,2021-02-18,PART_3,2
262,47bdefcf-896e-4e7b-b61b-caf6b1d92d56,2021-02-19,PART_2,1
263,47bdefcf-896e-4e7b-b61b-caf6b1d92d56,2021-02-21,PART_1,1
264,47bdefcf-896e-4e7b-b61b-caf6b1d92d56,2021-02-21,PART_2,2
265,47f4825a-8b97-43bf-b76a-2a53992b6b1b,2021-04-18,PART_1,2
266,47f4825a-8b97-43bf-b76a-2a53992b6b1b,2021-04-18,PART_2,1
267,47f4825a-8b97-43bf-b76a-2a53992b6b1b,2021-04-18,PART_3,2
268,47f4825a-8b97-43bf-b76a-2a53992b6b1b,2021-04-19,PART_1,1
269,47f4825a-8b97-43bf-b76a-2a53992b6b1b,2021-04-19,PART_2,1
270,47f4825a-8b97-43bf-b76a-2a53992b6b1b,2021-04-20,PART_1,1
271,47f4825a-8b97-43bf-b76a-2a53992b6b1b,2021-04-20,PART_2,4
272,47f4825a-8b97-43bf-b76a-2a53992b6b1b,2021-04-20,PART_3,2
273,47f4825a-8b97-43bf-b76a-2a53992b6b1b,2021-04-20,PART_4,1
274,47f4825a-8b97-43bf-b76a-2a53992b6b1b,2021-04-21,PART_1,3
275,47f4825a-8b97-43bf-b76a-2a53992b6b1b,2021-04-21,PART_2,4
276,47f4825a-8b97-43bf-b76a-2a53992b6b1b,2021-04-22,PART_2,3
277,47f4825a-8b97-43bf-b76a-2a53992b6b1b,2021-04-23,PART_1,1
278,47f4825a-8b97-43bf-b76a-2a53992b6b1b,2021-04-23,PART_2,4
279,4cb7d565-b49a-40fb-b6d6-1d5dc6e354d2,2021-04-01,PART_3,1
280,4cb7d565-b49a-40fb-b6d6-1d5dc6e354d2,2021-04-01,PART_4,1
281,4cb7d565-b49a-40fb-b6d6-1d5dc6e354d2,2021-04-02,PART_1,1
282,4cb7d565-b49a-40fb-b6d6-1d5dc6e354d2,2021-04-02,PART_2,2
283,4cb7d565-b49a-40fb-b6d6-1d5dc6e354d2,2021-04-04,PART_1,1
284,4cb7d565-b49a-40fb-b6d6-1d5dc6e354d2,2021-04-04,PART_2,6
285,4cb7d565-b49a-40fb-b6d6-1d5dc6e354d2,2021-04-04,PART_3,2
286,4cb7d565-b49a-40fb-b6d6-1d5dc6e354d2,2021-04-05,PART_1,4
287,4cb7d565-b49a-40fb-b6d6-1d5dc6e354d2,2021-04-05,PART_2,5
288,4cb7d565-b49a-40fb-b6d6-1d5dc6e354d2,2021-04-05,PART_3,4
289,4cb7d565-b49a-40fb-b6d6-1d5dc6e354d2,2021-04-06,PART_1,1
290,4cb7d565-b49a-40fb-b6d6-1d5dc6e354d2,2021-04-06,PART_2,5
291,4cb7d565-b49a-40fb-b6d6-1d5dc6e354d2,2021-04-06,PART_3,1
292,4cb7d565-b49a-40fb-b6d6-1d5dc6e354d2,2021-04-07,PART_1,2
293,4cb7d565-b49a-40fb-b6d6-1d5dc6e354d2,2021-04-07,PART_2,3
294,4cb7d565-b49a-40fb-b6d6-1d5dc6e354d2,2021-04-08,PART_1,1
295,4cb7d565-b49a-40fb-b6d6-1d5dc6e354d2,2021-04-08,PART_2,1
296,4cb7d565-b49a-40fb-b6d6-1d5dc6e354d2,2021-04-08,PART_3,1
297,4cb7d565-b49a-40fb-b6d6-1d5dc6e354d2,2021-04-09,PART_1,1
298,4cb7d565-b49a-40fb-b6d6-1d5dc6e354d2,2021-04-09,PART_2,2
299,4e232dd4-b244-4391-9b61-a91efc9ee2a8,2021-05-23,PART_3,1
300,4e232dd4-b244-4391-9b61-a91efc9ee2a8,2021-05-26,PART_1,1
301,5834390f-4f19-464a-a5b4-bcf8d5f21914,2021-04-12,PART_1,1
302,5834390f-4f19-464a-a5b4-bcf8d5f21914,2021-04-12,PART_2,5
303,5834390f-4f19-464a-a5b4-bcf8d5f21914,2021-04-12,PART_3,2
304,5834390f-4f19-464a-a5b4-bcf8d5f21914,2021-04-13,PART_2,7
305,5834390f-4f19-464a-a5b4-bcf8d5f21914,2021-04-13,PART_3,6
306,5834390f-4f19-464a-a5b4-bcf8d5f21914,2021-04-14,PART_1,1
307,5834390f-4f19-464a-a5b4-bcf8d5f21914,2021-04-14,PART_2,7
308,5834390f-4f19-464a-a5b4-bcf8d5f21914,2021-04-14,PART_3,2
309,5834390f-4f19-464a-a5b4-bcf8d5f21914,2021-04-15,PART_1,1
310,5834390f-4f19-464a-a5b4-bcf8d5f21914,2021-04-15,PART_4,1
311,5834390f-4f19-464a-a5b4-bcf8d5f21914,2021-04-16,PART_1,2
312,5834390f-4f19-464a-a5b4-bcf8d5f21914,2021-04-17,PART_3,1
313,5834390f-4f19-464a-a5b4-bcf8d5f21914,2021-04-17,PART_4,1
314,5834390f-4f19-464a-a5b4-bcf8d5f21914,2021-04-18,PART_2,4
315,5834390f-4f19-464a-a5b4-bcf8d5f21914,2021-04-18,PART_3,3
316,58400cd0-ace4-453b-841f-7e765f83b9f1,2021-05-18,PART_2,2
317,58400cd0-ace4-453b-841f-7e765f83b9f1,2021-05-18,PART_3,1
318,58400cd0-ace4-453b-841f-7e765f83b9f1,2021-05-19,PART_2,6
319,58400cd0-ace4-453b-841f-7e765f83b9f1,2021-05-19,PART_3,1
320,58400cd0-ace4-453b-841f-7e765f83b9f1,2021-05-20,PART_1,2
321,58400cd0-ace4-453b-841f-7e765f83b9f1,2021-05-20,PART_3,1
322,58400cd0-ace4-453b-841f-7e765f83b9f1,2021-05-23,PART_3,3
323,58400cd0-ace4-453b-841f-7e765f83b9f1,2021-05-24,PART_2,3
324,58400cd0-ace4-453b-841f-7e765f83b9f1,2021-05-24,PART_3,2
325,58400cd0-ace4-453b-841f-7e765f83b9f1,2021-05-25,PART_2,1
326,58400cd0-ace4-453b-841f-7e765f83b9f1,2021-05-25,PART_3,3
327,58400cd0-ace4-453b-841f-7e765f83b9f1,2021-05-26,PART_2,1
328,58400cd0-ace4-453b-841f-7e765f83b9f1,2021-05-26,PART_3,1
329,58400cd0-ace4-453b-841f-7e765f83b9f1,2021-05-27,PART_2,4
330,58400cd0-ace4-453b-841f-7e765f83b9f1,2021-05-27,PART_3,2
331,644d9e5c-61d3-48cf-9562-100196fc829e,2021-05-18,PART_2,1
332,768f5c9d-bb6c-4938-b3d2-260c053ffc7a,2021-04-11,PART_3,1
333,768f5c9d-bb6c-4938-b3d2-260c053ffc7a,2021-04-12,PART_1,2
334,768f5c9d-bb6c-4938-b3d2-260c053ffc7a,2021-04-12,PART_2,1
335,768f5c9d-bb6c-4938-b3d2-260c053ffc7a,2021-04-12,PART_3,2
336,768f5c9d-bb6c-4938-b3d2-260c053ffc7a,2021-04-14,PART_3,1
337,768f5c9d-bb6c-4938-b3d2-260c053ffc7a,2021-04-15,PART_1,2
338,768f5c9d-bb6c-4938-b3d2-260c053ffc7a,2021-04-15,PART_3,1
339,768f5c9d-bb6c-4938-b3d2-260c053ffc7a,2021-04-18,PART_2,2
340,78d6802f-b609-455e-ab6d-170ebc4bbe9c,2021-03-30,PART_3,1
341,78d6802f-b609-455e-ab6d-170ebc4bbe9c,2021-03-31,PART_1,1
342,78d6802f-b609-455e-ab6d-170ebc4bbe9c,2021-03-31,PART_2,1
343,78d6802f-b609-455e-ab6d-170ebc4bbe9c,2021-04-01,PART_1,1
344,78d6802f-b609-455e-ab6d-170ebc4bbe9c,2021-04-01,PART_2,1
345,78d6802f-b609-455e-ab6d-170ebc4bbe9c,2021-04-01,PART_3,1
346,78d6802f-b609-455e-ab6d-170ebc4bbe9c,2021-04-02,PART_1,1
347,78d6802f-b609-455e-ab6d-170ebc4bbe9c,2021-04-02,PART_2,2
348,78d6802f-b609-455e-ab6d-170ebc4bbe9c,2021-04-03,PART_3,2
349,78d6802f-b609-455e-ab6d-170ebc4bbe9c,2021-04-03,PART_4,1
350,78d6802f-b609-455e-ab6d-170ebc4bbe9c,2021-04-04,PART_1,1
351,78d6802f-b609-455e-ab6d-170ebc4bbe9c,2021-04-04,PART_2,2
352,78d6802f-b609-455e-ab6d-170ebc4bbe9c,2021-04-04,PART_3,1
353,78d6802f-b609-455e-ab6d-170ebc4bbe9c,2021-04-05,PART_1,3
354,78d6802f-b609-455e-ab6d-170ebc4bbe9c,2021-04-05,PART_2,3
355,78d6802f-b609-455e-ab6d-170ebc4bbe9c,2021-04-06,PART_1,3
356,78d6802f-b609-455e-ab6d-170ebc4bbe9c,2021-04-06,PART_2,4
357,78d6802f-b609-455e-ab6d-170ebc4bbe9c,2021-04-06,PART_3,1
358,78d6802f-b609-455e-ab6d-170ebc4bbe9c,2021-04-07,PART_1,3
359,78d6802f-b609-455e-ab6d-170ebc4bbe9c,2021-04-07,PART_2,4
360,78d6802f-b609-455e-ab6d-170ebc4bbe9c,2021-04-07,PART_3,1
361,7976240e-2009-4cef-87ca-cda683c48770,2021-04-01,PART_3,1
362,82bce2f3-f6c8-4808-90a6-f13535b09409,2021-05-18,PART_3,1
363,82bce2f3-f6c8-4808-90a6-f13535b09409,2021-05-19,PART_2,1
364,82bce2f3-f6c8-4808-90a6-f13535b09409,2021-05-21,PART_3,1
365,82bce2f3-f6c8-4808-90a6-f13535b09409,2021-05-23,PART_2,2
366,85386662-12c6-4e15-83f6-9300da37898a,2021-03-31,PART_3,1
367,85386662-12c6-4e15-83f6-9300da37898a,2021-04-01,PART_2,2
368,85386662-12c6-4e15-83f6-9300da37898a,2021-04-04,PART_1,1
369,85386662-12c6-4e15-83f6-9300da37898a,2021-04-04,PART_2,5
370,85386662-12c6-4e15-83f6-9300da37898a,2021-04-05,PART_1,2
371,85386662-12c6-4e15-83f6-9300da37898a,2021-04-05,PART_2,1
372,85386662-12c6-4e15-83f6-9300da37898a,2021-04-06,PART_1,1
373,85386662-12c6-4e15-83f6-9300da37898a,2021-04-06,PART_3,2
374,85386662-12c6-4e15-83f6-9300da37898a,2021-04-07,PART_1,2
375,899d7083-45bd-448f-83bf-2801451a1eaf,2021-04-07,PART_2,1
376,899d7083-45bd-448f-83bf-2801451a1eaf,2021-04-11,PART_3,1
377,899d7083-45bd-448f-83bf-2801451a1eaf,2021-04-12,PART_2,2
378,94903104-e074-4b3f-bac2-0237076c53c3,2021-02-14,PART_1,1
379,94903104-e074-4b3f-bac2-0237076c53c3,2021-02-14,PART_2,3
380,94903104-e074-4b3f-bac2-0237076c53c3,2021-02-14,PART_3,2
381,94903104-e074-4b3f-bac2-0237076c53c3,2021-02-15,PART_1,1
382,94903104-e074-4b3f-bac2-0237076c53c3,2021-02-15,PART_2,5
383,94903104-e074-4b3f-bac2-0237076c53c3,2021-02-15,PART_3,2
384,94903104-e074-4b3f-bac2-0237076c53c3,2021-02-15,PART_4,1
385,94903104-e074-4b3f-bac2-0237076c53c3,2021-02-16,PART_1,1
386,94903104-e074-4b3f-bac2-0237076c53c3,2021-02-16,PART_2,1
387,94903104-e074-4b3f-bac2-0237076c53c3,2021-02-16,PART_3,5
388,94903104-e074-4b3f-bac2-0237076c53c3,2021-02-17,PART_1,1
389,94903104-e074-4b3f-bac2-0237076c53c3,2021-02-17,PART_2,3
390,94903104-e074-4b3f-bac2-0237076c53c3,2021-02-17,PART_3,6
391,94903104-e074-4b3f-bac2-0237076c53c3,2021-02-18,PART_1,1
392,94903104-e074-4b3f-bac2-0237076c53c3,2021-02-18,PART_2,3
393,94903104-e074-4b3f-bac2-0237076c53c3,2021-02-18,PART_3,3
394,94903104-e074-4b3f-bac2-0237076c53c3,2021-02-19,PART_2,4
395,94903104-e074-4b3f-bac2-0237076c53c3,2021-02-20,PART_4,1
396,94903104-e074-4b3f-bac2-0237076c53c3,2021-02-21,PART_1,2
397,94903104-e074-4b3f-bac2-0237076c53c3,2021-02-21,PART_2,4
398,94903104-e074-4b3f-bac2-0237076c53c3,2021-02-21,PART_3,3
399,94903104-e074-4b3f-bac2-0237076c53c3,2021-02-22,PART_2,1
400,94903104-e074-4b3f-bac2-0237076c53c3,2021-02-22,PART_3,3
401,94903104-e074-4b3f-bac2-0237076c53c3,2021-02-23,PART_2,1
402,94903104-e074-4b3f-bac2-0237076c53c3,2021-02-23,PART_3,5
403,94903104-e074-4b3f-bac2-0237076c53c3,2021-02-23,PART_4,2
404,950b0641-5535-4c73-b611-edcd03393432,2021-05-24,PART_3,1
405,950b0641-5535-4c73-b611-edcd03393432,2021-05-26,PART_2,3
406,950b0641-5535-4c73-b611-edcd03393432,2021-05-26,PART_3,2
407,950b0641-5535-4c73-b611-edcd03393432,2021-05-27,PART_1,1
408,950b0641-5535-4c73-b611-edcd03393432,2021-05-27,PART_2,2
409,950b0641-5535-4c73-b611-edcd03393432,2021-05-27,PART_3,3
410,974dda86-2d2d-4b38-bc59-29056d4da85a,2021-04-03,PART_4,1
411,98af4108-3eb8-4657-8915-60ef63081bd1,2021-04-08,PART_2,2
412,98af4108-3eb8-4657-8915-60ef63081bd1,2021-04-08,PART_3,1
413,98af4108-3eb8-4657-8915-60ef63081bd1,2021-04-09,PART_2,1
414,98af4108-3eb8-4657-8915-60ef63081bd1,2021-04-11,PART_2,1
415,9a1f747a-741f-4a25-af19-1aba27eb4c1f,2021-05-24,PART_1,1
416,9a1f747a-741f-4a25-af19-1aba27eb4c1f,2021-05-24,PART_3,1
417,9a1f747a-741f-4a25-af19-1aba27eb4c1f,2021-05-27,PART_1,1
418,9a1f747a-741f-4a25-af19-1aba27eb4c1f,2021-05-27,PART_3,1
419,9e8ac499-af9f-4a34-8bc0-b43af3eac765,2021-05-23,PART_1,1
420,9e8ac499-af9f-4a34-8bc0-b43af3eac765,2021-05-23,PART_3,1
421,9ef8f342-07f1-4884-8d5f-e321acc3031e,2021-02-10,PART_2,1
422,9ef8f342-07f1-4884-8d5f-e321acc3031e,2021-02-11,PART_3,1
423,a52ba679-4568-4f64-965c-2043909764e6,2021-05-19,PART_3,1
424,a52ba679-4568-4f64-965c-2043909764e6,2021-05-20,PART_1,1
425,a52ba679-4568-4f64-965c-2043909764e6,2021-05-20,PART_2,4
426,a52ba679-4568-4f64-965c-2043909764e6,2021-05-20,PART_3,1
427,a52ba679-4568-4f64-965c-2043909764e6,2021-05-21,PART_2,2
428,a52ba679-4568-4f64-965c-2043909764e6,2021-05-22,PART_1,1
429,a52ba679-4568-4f64-965c-2043909764e6,2021-05-23,PART_3,1
430,a52ba679-4568-4f64-965c-2043909764e6,2021-05-24,PART_1,2
431,a52ba679-4568-4f64-965c-2043909764e6,2021-05-24,PART_2,4
432,a52ba679-4568-4f64-965c-2043909764e6,2021-05-25,PART_3,2
433,a52ba679-4568-4f64-965c-2043909764e6,2021-05-26,PART_1,3
434,a52ba679-4568-4f64-965c-2043909764e6,2021-05-26,PART_2,3
435,a8aebc01-0d35-4f9d-ae72-2870aca58167,2021-06-06,PART_1,1
436,a8aebc01-0d35-4f9d-ae72-2870aca58167,2021-06-06,PART_2,1
437,a8aebc01-0d35-4f9d-ae72-2870aca58167,2021-06-06,PART_3,3
438,a8aebc01-0d35-4f9d-ae72-2870aca58167,2021-06-07,PART_1,1
439,a8aebc01-0d35-4f9d-ae72-2870aca58167,2021-06-07,PART_3,1
440,a8aebc01-0d35-4f9d-ae72-2870aca58167,2021-06-08,PART_1,1
441,a8aebc01-0d35-4f9d-ae72-2870aca58167,2021-06-08,PART_2,1
442,a8aebc01-0d35-4f9d-ae72-2870aca58167,2021-06-08,PART_3,4
443,a8aebc01-0d35-4f9d-ae72-2870aca58167,2021-06-09,PART_1,1
444,a8aebc01-0d35-4f9d-ae72-2870aca58167,2021-06-09,PART_4,1
445,a8aebc01-0d35-4f9d-ae72-2870aca58167,2021-06-11,PART_2,2
446,a8aebc01-0d35-4f9d-ae72-2870aca58167,2021-06-12,PART_3,2
447,a8aebc01-0d35-4f9d-ae72-2870aca58167,2021-06-13,PART_1,1
448,a8aebc01-0d35-4f9d-ae72-2870aca58167,2021-06-13,PART_2,4
449,a8aebc01-0d35-4f9d-ae72-2870aca58167,2021-06-13,PART_3,1
450,a8aebc01-0d35-4f9d-ae72-2870aca58167,2021-06-14,PART_2,1
451,a8aebc01-0d35-4f9d-ae72-2870aca58167,2021-06-15,PART_1,2
452,a8aebc01-0d35-4f9d-ae72-2870aca58167,2021-06-15,PART_2,1
453,abfe00b7-3eee-4b59-9897-926b9beb66c0,2021-05-26,PART_2,3
454,abfe00b7-3eee-4b59-9897-926b9beb66c0,2021-05-26,PART_3,1
455,abfe00b7-3eee-4b59-9897-926b9beb66c0,2021-05-29,PART_3,1
456,abfe00b7-3eee-4b59-9897-926b9beb66c0,2021-05-30,PART_2,1
457,abfe00b7-3eee-4b59-9897-926b9beb66c0,2021-05-30,PART_3,1
458,abfe00b7-3eee-4b59-9897-926b9beb66c0,2021-05-31,PART_1,1
459,abfe00b7-3eee-4b59-9897-926b9beb66c0,2021-05-31,PART_2,1
460,abfe00b7-3eee-4b59-9897-926b9beb66c0,2021-05-31,PART_3,1
461,abfe00b7-3eee-4b59-9897-926b9beb66c0,2021-06-01,PART_1,2
462,abfe00b7-3eee-4b59-9897-926b9beb66c0,2021-06-01,PART_2,2
463,abfe00b7-3eee-4b59-9897-926b9beb66c0,2021-06-01,PART_3,1
464,abfe00b7-3eee-4b59-9897-926b9beb66c0,2021-06-02,PART_2,5
465,abfe00b7-3eee-4b59-9897-926b9beb66c0,2021-06-03,PART_1,2
466,abfe00b7-3eee-4b59-9897-926b9beb66c0,2021-06-03,PART_2,1
467,abfe00b7-3eee-4b59-9897-926b9beb66c0,2021-06-04,PART_1,1
468,abfe00b7-3eee-4b59-9897-926b9beb66c0,2021-06-05,PART_3,1
469,abfe00b7-3eee-4b59-9897-926b9beb66c0,2021-06-06,PART_1,1
470,abfe00b7-3eee-4b59-9897-926b9beb66c0,2021-06-06,PART_3,2
471,abfe00b7-3eee-4b59-9897-926b9beb66c0,2021-06-07,PART_1,1
472,abfe00b7-3eee-4b59-9897-926b9beb66c0,2021-06-07,PART_2,1
473,abfe00b7-3eee-4b59-9897-926b9beb66c0,2021-06-08,PART_1,1
474,abfe00b7-3eee-4b59-9897-926b9beb66c0,2021-06-08,PART_2,2
475,abfe00b7-3eee-4b59-9897-926b9beb66c0,2021-06-08,PART_3,2
476,abfe00b7-3eee-4b59-9897-926b9beb66c0,2021-06-08,PART_4,1
477,abfe00b7-3eee-4b59-9897-926b9beb66c0,2021-06-09,PART_1,1
478,abfe00b7-3eee-4b59-9897-926b9beb66c0,2021-06-09,PART_2,1
479,ac4eb76a-e3da-4956-90f3-02ee809b3339,2021-04-18,PART_2,1
480,ac4eb76a-e3da-4956-90f3-02ee809b3339,2021-04-18,PART_3,1
481,ac4eb76a-e3da-4956-90f3-02ee809b3339,2021-04-19,PART_3,1
482,ac4eb76a-e3da-4956-90f3-02ee809b3339,2021-04-20,PART_2,2
483,ac4eb76a-e3da-4956-90f3-02ee809b3339,2021-04-20,PART_3,1
484,ac4eb76a-e3da-4956-90f3-02ee809b3339,2021-04-20,PART_4,1
485,ac4eb76a-e3da-4956-90f3-02ee809b3339,2021-04-22,PART_3,1
486,ac4eb76a-e3da-4956-90f3-02ee809b3339,2021-04-22,PART_4,1
487,afb70012-911c-4dda-a50f-9776ec3010df,2021-05-23,PART_2,3
488,afb70012-911c-4dda-a50f-9776ec3010df,2021-05-24,PART_3,6
489,afb70012-911c-4dda-a50f-9776ec3010df,2021-05-25,PART_1,1
490,afb70012-911c-4dda-a50f-9776ec3010df,2021-05-25,PART_3,1
491,afb70012-911c-4dda-a50f-9776ec3010df,2021-05-26,PART_2,1
492,afb70012-911c-4dda-a50f-9776ec3010df,2021-05-26,PART_3,2
493,afb70012-911c-4dda-a50f-9776ec3010df,2021-05-27,PART_2,3
494,afb70012-911c-4dda-a50f-9776ec3010df,2021-05-29,PART_2,1
495,afb70012-911c-4dda-a50f-9776ec3010df,2021-05-30,PART_1,1
496,b11b5080-33d9-43bf-824c-af1643a9765f,2021-04-04,PART_4,1
497,b11b5080-33d9-43bf-824c-af1643a9765f,2021-04-05,PART_2,2
498,b11b5080-33d9-43bf-824c-af1643a9765f,2021-04-06,PART_1,1
499,b11b5080-33d9-43bf-824c-af1643a9765f,2021-04-06,PART_3,1
500,b11b5080-33d9-43bf-824c-af1643a9765f,2021-04-07,PART_2,1
501,b11b5080-33d9-43bf-824c-af1643a9765f,2021-04-08,PART_3,1
502,b2736d8a-f2cf-472f-9bcf-fe3377f5cb1c,2021-03-31,PART_2,1
503,b39b2dfa-3f04-493e-8c0b-4ac90177f8a1,2021-05-21,PART_2,1
504,b39b2dfa-3f04-493e-8c0b-4ac90177f8a1,2021-05-22,PART_3,1
505,b39b2dfa-3f04-493e-8c0b-4ac90177f8a1,2021-05-23,PART_3,2
506,b39b2dfa-3f04-493e-8c0b-4ac90177f8a1,2021-05-24,PART_1,1
507,b39b2dfa-3f04-493e-8c0b-4ac90177f8a1,2021-05-24,PART_2,5
508,b39b2dfa-3f04-493e-8c0b-4ac90177f8a1,2021-05-24,PART_3,3
509,b39b2dfa-3f04-493e-8c0b-4ac90177f8a1,2021-05-25,PART_3,2
510,b39b2dfa-3f04-493e-8c0b-4ac90177f8a1,2021-05-26,PART_2,1
511,b39b2dfa-3f04-493e-8c0b-4ac90177f8a1,2021-05-26,PART_3,3
512,b39b2dfa-3f04-493e-8c0b-4ac90177f8a1,2021-05-27,PART_1,1
513,b39b2dfa-3f04-493e-8c0b-4ac90177f8a1,2021-05-27,PART_2,1
514,b5af9398-e131-451b-8c78-968d1805f058,2021-04-01,PART_3,1
515,b5af9398-e131-451b-8c78-968d1805f058,2021-04-01,PART_4,1
516,b5af9398-e131-451b-8c78-968d1805f058,2021-04-02,PART_2,1
517,b5af9398-e131-451b-8c78-968d1805f058,2021-04-02,PART_4,1
518,b85697a2-352d-4df0-93e4-33b9998167b1,2021-04-01,PART_4,1
519,b85697a2-352d-4df0-93e4-33b9998167b1,2021-04-03,PART_4,1
520,b85697a2-352d-4df0-93e4-33b9998167b1,2021-04-04,PART_1,1
521,b85697a2-352d-4df0-93e4-33b9998167b1,2021-04-04,PART_2,1
522,b85697a2-352d-4df0-93e4-33b9998167b1,2021-04-05,PART_1,1
523,b85697a2-352d-4df0-93e4-33b9998167b1,2021-04-05,PART_2,1
524,b85697a2-352d-4df0-93e4-33b9998167b1,2021-04-05,PART_3,1
525,b85697a2-352d-4df0-93e4-33b9998167b1,2021-04-06,PART_2,1
526,b85697a2-352d-4df0-93e4-33b9998167b1,2021-04-07,PART_2,1
527,b85697a2-352d-4df0-93e4-33b9998167b1,2021-04-08,PART_1,1
528,b9bcc74f-70eb-4c7d-a70b-73fbf770da0e,2021-03-31,PART_3,1
529,b9bcc74f-70eb-4c7d-a70b-73fbf770da0e,2021-04-01,PART_2,1
530,b9bcc74f-70eb-4c7d-a70b-73fbf770da0e,2021-04-02,PART_2,2
531,c057fd22-d688-4bd1-a13a-3d30b93cfb1c,2021-04-16,PART_4,1
532,c057fd22-d688-4bd1-a13a-3d30b93cfb1c,2021-04-19,PART_2,5
533,c24055a2-bb1d-48b1-8bf9-6e70db85c2c0,2020-12-10,PART_2,1
534,c24055a2-bb1d-48b1-8bf9-6e70db85c2c0,2020-12-11,PART_2,1
535,c24055a2-bb1d-48b1-8bf9-6e70db85c2c0,2020-12-13,PART_2,2
536,c24055a2-bb1d-48b1-8bf9-6e70db85c2c0,2020-12-13,PART_3,1
537,c24055a2-bb1d-48b1-8bf9-6e70db85c2c0,2020-12-14,PART_2,1
538,c24055a2-bb1d-48b1-8bf9-6e70db85c2c0,2020-12-14,PART_3,2
539,c24055a2-bb1d-48b1-8bf9-6e70db85c2c0,2020-12-15,PART_2,1
540,c24055a2-bb1d-48b1-8bf9-6e70db85c2c0,2020-12-16,PART_1,1
541,c24055a2-bb1d-48b1-8bf9-6e70db85c2c0,2020-12-16,PART_2,1
542,c24055a2-bb1d-48b1-8bf9-6e70db85c2c0,2020-12-16,PART_3,2
543,c24055a2-bb1d-48b1-8bf9-6e70db85c2c0,2020-12-22,PART_2,1
544,c24055a2-bb1d-48b1-8bf9-6e70db85c2c0,2020-12-22,PART_3,2
545,c24055a2-bb1d-48b1-8bf9-6e70db85c2c0,2020-12-23,PART_3,1
546,c24055a2-bb1d-48b1-8bf9-6e70db85c2c0,2021-01-03,PART_4,1
547,c24055a2-bb1d-48b1-8bf9-6e70db85c2c0,2021-01-04,PART_1,1
548,c24055a2-bb1d-48b1-8bf9-6e70db85c2c0,2021-01-04,PART_2,7
549,c24055a2-bb1d-48b1-8bf9-6e70db85c2c0,2021-01-05,PART_1,1
550,c24055a2-bb1d-48b1-8bf9-6e70db85c2c0,2021-01-06,PART_2,2
551,c4b50af8-dcfa-4eee-8bb6-ece05010105b,2021-04-06,PART_4,1
552,c4b50af8-dcfa-4eee-8bb6-ece05010105b,2021-04-07,PART_2,1
553,c8308959-2867-46e5-bf0b-4ee3e795a1b7,2021-03-19,PART_3,1
554,c8308959-2867-46e5-bf0b-4ee3e795a1b7,2021-03-20,PART_3,1
555,c8308959-2867-46e5-bf0b-4ee3e795a1b7,2021-03-20,PART_4,2
556,c8308959-2867-46e5-bf0b-4ee3e795a1b7,2021-03-21,PART_2,3
557,c8308959-2867-46e5-bf0b-4ee3e795a1b7,2021-03-21,PART_3,2
558,c8308959-2867-46e5-bf0b-4ee3e795a1b7,2021-03-22,PART_2,4
559,c8308959-2867-46e5-bf0b-4ee3e795a1b7,2021-03-22,PART_3,8
560,c8308959-2867-46e5-bf0b-4ee3e795a1b7,2021-03-22,PART_4,1
561,c8308959-2867-46e5-bf0b-4ee3e795a1b7,2021-03-23,PART_2,8
562,c8308959-2867-46e5-bf0b-4ee3e795a1b7,2021-03-23,PART_3,3
563,c8308959-2867-46e5-bf0b-4ee3e795a1b7,2021-03-24,PART_1,1
564,c8308959-2867-46e5-bf0b-4ee3e795a1b7,2021-03-24,PART_2,3
565,c8308959-2867-46e5-bf0b-4ee3e795a1b7,2021-03-24,PART_3,2
566,c8308959-2867-46e5-bf0b-4ee3e795a1b7,2021-03-24,PART_4,1
567,c8308959-2867-46e5-bf0b-4ee3e795a1b7,2021-03-25,PART_2,3
568,c8308959-2867-46e5-bf0b-4ee3e795a1b7,2021-03-25,PART_3,2
569,c8308959-2867-46e5-bf0b-4ee3e795a1b7,2021-03-26,PART_1,1
570,c8308959-2867-46e5-bf0b-4ee3e795a1b7,2021-03-26,PART_2,3
571,cedf4923-48b6-454c-92a2-c4eaf0540255,2021-05-20,PART_2,1
572,d5a6f56a-665e-45a2-8679-ae28df7c3464,2021-04-01,PART_2,1
573,d5a6f56a-665e-45a2-8679-ae28df7c3464,2021-04-02,PART_1,1
574,d5a6f56a-665e-45a2-8679-ae28df7c3464,2021-04-02,PART_2,2
575,d5a6f56a-665e-45a2-8679-ae28df7c3464,2021-04-04,PART_1,3
576,d5a6f56a-665e-45a2-8679-ae28df7c3464,2021-04-04,PART_3,1
577,d5a6f56a-665e-45a2-8679-ae28df7c3464,2021-04-04,PART_4,1
578,d5a6f56a-665e-45a2-8679-ae28df7c3464,2021-04-05,PART_1,1
579,d5a6f56a-665e-45a2-8679-ae28df7c3464,2021-04-05,PART_2,1
580,d5a6f56a-665e-45a2-8679-ae28df7c3464,2021-04-05,PART_3,2
581,d5a6f56a-665e-45a2-8679-ae28df7c3464,2021-04-06,PART_1,3
582,d5a6f56a-665e-45a2-8679-ae28df7c3464,2021-04-06,PART_2,1
583,d5a6f56a-665e-45a2-8679-ae28df7c3464,2021-04-07,PART_2,2
584,d5a6f56a-665e-45a2-8679-ae28df7c3464,2021-04-07,PART_3,1
585,d7392ba9-0969-4569-83d8-509973f34bf2,2021-04-11,PART_3,1
586,d7392ba9-0969-4569-83d8-509973f34bf2,2021-04-12,PART_1,3
587,d7392ba9-0969-4569-83d8-509973f34bf2,2021-04-12,PART_2,4
588,d7392ba9-0969-4569-83d8-509973f34bf2,2021-04-12,PART_3,3
589,d7392ba9-0969-4569-83d8-509973f34bf2,2021-04-15,PART_2,1
590,d7392ba9-0969-4569-83d8-509973f34bf2,2021-04-16,PART_2,2
591,db271d26-cce9-4d17-ba82-888b5051c1fb,2021-05-19,PART_3,1
592,e29b1733-4dcc-42de-a219-91d59ed91680,2021-04-08,PART_2,2
593,e29b1733-4dcc-42de-a219-91d59ed91680,2021-04-10,PART_3,1
594,e29b1733-4dcc-42de-a219-91d59ed91680,2021-04-11,PART_1,1
595,e6d8dd99-8222-457f-812e-81813f743776,2021-04-01,PART_4,1
596,e6d8dd99-8222-457f-812e-81813f743776,2021-04-02,PART_2,1
597,e6d8dd99-8222-457f-812e-81813f743776,2021-04-06,PART_3,1
598,e6d8dd99-8222-457f-812e-81813f743776,2021-04-07,PART_1,2
599,e6d8dd99-8222-457f-812e-81813f743776,2021-04-07,PART_2,3
600,e6d8dd99-8222-457f-812e-81813f743776,2021-04-07,PART_3,1
601,e6d8dd99-8222-457f-812e-81813f743776,2021-04-08,PART_1,1
602,e6d8dd99-8222-457f-812e-81813f743776,2021-04-08,PART_3,2
603,e73d0d07-0986-4081-a9de-645a2a61443c,2021-06-04,PART_3,2
604,e73d0d07-0986-4081-a9de-645a2a61443c,2021-06-05,PART_2,1
605,e73d0d07-0986-4081-a9de-645a2a61443c,2021-06-05,PART_3,2
606,e73d0d07-0986-4081-a9de-645a2a61443c,2021-06-05,PART_4,1
607,e73d0d07-0986-4081-a9de-645a2a61443c,2021-06-06,PART_1,2
608,e73d0d07-0986-4081-a9de-645a2a61443c,2021-06-06,PART_2,2
609,e73d0d07-0986-4081-a9de-645a2a61443c,2021-06-06,PART_3,2
610,e73d0d07-0986-4081-a9de-645a2a61443c,2021-06-07,PART_1,1
611,e73d0d07-0986-4081-a9de-645a2a61443c,2021-06-07,PART_3,1
612,e73d0d07-0986-4081-a9de-645a2a61443c,2021-06-07,PART_4,1
613,e73d0d07-0986-4081-a9de-645a2a61443c,2021-06-08,PART_1,1
614,e73d0d07-0986-4081-a9de-645a2a61443c,2021-06-08,PART_2,2
615,e73d0d07-0986-4081-a9de-645a2a61443c,2021-06-08,PART_3,6
616,e73d0d07-0986-4081-a9de-645a2a61443c,2021-06-09,PART_2,4
617,e73d0d07-0986-4081-a9de-645a2a61443c,2021-06-09,PART_3,1
618,e73d0d07-0986-4081-a9de-645a2a61443c,2021-06-09,PART_4,1
619,e73d0d07-0986-4081-a9de-645a2a61443c,2021-06-10,PART_2,3
620,e9258ad3-84ea-4a95-a3be-e5d3bbe11537,2021-04-05,PART_3,1
621,e9544c58-5d20-4508-82d1-4a152d502cc7,2021-04-20,PART_1,1
622,ea683aad-53d8-40da-a93b-1d8523ecb935,2021-05-21,PART_3,1
623,ea683aad-53d8-40da-a93b-1d8523ecb935,2021-05-23,PART_1,1
624,ea683aad-53d8-40da-a93b-1d8523ecb935,2021-05-23,PART_2,4
625,ea683aad-53d8-40da-a93b-1d8523ecb935,2021-05-23,PART_3,1
626,ea683aad-53d8-40da-a93b-1d8523ecb935,2021-05-24,PART_2,2
627,ea683aad-53d8-40da-a93b-1d8523ecb935,2021-05-25,PART_1,1
628,ea683aad-53d8-40da-a93b-1d8523ecb935,2021-05-25,PART_2,4
629,ea683aad-53d8-40da-a93b-1d8523ecb935,2021-05-25,PART_3,1
630,ea683aad-53d8-40da-a93b-1d8523ecb935,2021-05-26,PART_1,1
631,ea6f66a2-97b3-49e1-a938-73703b2f9f0b,2021-03-30,PART_3,1
632,ea6f66a2-97b3-49e1-a938-73703b2f9f0b,2021-03-31,PART_2,3
633,ea6f66a2-97b3-49e1-a938-73703b2f9f0b,2021-03-31,PART_3,1
634,ea6f66a2-97b3-49e1-a938-73703b2f9f0b,2021-04-01,PART_4,1
635,ec3c2538-8aa9-4f97-88b7-d70bde7fa954,2021-04-01,PART_2,1
636,ec3c2538-8aa9-4f97-88b7-d70bde7fa954,2021-04-01,PART_3,1
637,ec3c2538-8aa9-4f97-88b7-d70bde7fa954,2021-04-04,PART_3,1
638,ec3c2538-8aa9-4f97-88b7-d70bde7fa954,2021-04-05,PART_1,1
639,ec3c2538-8aa9-4f97-88b7-d70bde7fa954,2021-04-05,PART_2,1
640,ec3c2538-8aa9-4f97-88b7-d70bde7fa954,2021-04-05,PART_3,2
641,ec3c2538-8aa9-4f97-88b7-d70bde7fa954,2021-04-06,PART_1,2
642,ec3c2538-8aa9-4f97-88b7-d70bde7fa954,2021-04-06,PART_2,4
643,ec3c2538-8aa9-4f97-88b7-d70bde7fa954,2021-04-06,PART_3,2
644,ec3c2538-8aa9-4f97-88b7-d70bde7fa954,2021-04-06,PART_4,1
645,ec3c2538-8aa9-4f97-88b7-d70bde7fa954,2021-04-07,PART_1,2
646,ec3c2538-8aa9-4f97-88b7-d70bde7fa954,2021-04-07,PART_2,1
647,ec3c2538-8aa9-4f97-88b7-d70bde7fa954,2021-04-07,PART_3,1
648,ec3c2538-8aa9-4f97-88b7-d70bde7fa954,2021-04-08,PART_1,3
649,ec3c2538-8aa9-4f97-88b7-d70bde7fa954,2021-04-08,PART_2,6
650,ec3c2538-8aa9-4f97-88b7-d70bde7fa954,2021-04-08,PART_3,2
651,ec3c2538-8aa9-4f97-88b7-d70bde7fa954,2021-04-08,PART_4,4
652,ec3c2538-8aa9-4f97-88b7-d70bde7fa954,2021-04-09,PART_2,1
653,ec3c2538-8aa9-4f97-88b7-d70bde7fa954,2021-04-10,PART_3,1
654,ec3c2538-8aa9-4f97-88b7-d70bde7fa954,2021-04-11,PART_1,4
655,ec3c2538-8aa9-4f97-88b7-d70bde7fa954,2021-04-11,PART_2,9
656,ec3c2538-8aa9-4f97-88b7-d70bde7fa954,2021-04-11,PART_3,1
657,ec7ccc46-dc28-407b-b067-3e1bdec74b03,2021-03-07,PART_2,2
658,ec7ccc46-dc28-407b-b067-3e1bdec74b03,2021-03-08,PART_2,1
659,ec7ccc46-dc28-407b-b067-3e1bdec74b03,2021-03-08,PART_3,1
660,ec7ccc46-dc28-407b-b067-3e1bdec74b03,2021-03-09,PART_2,3
661,ec7ccc46-dc28-407b-b067-3e1bdec74b03,2021-03-10,PART_2,1
662,ec7ccc46-dc28-407b-b067-3e1bdec74b03,2021-03-11,PART_1,1
663,ec7ccc46-dc28-407b-b067-3e1bdec74b03,2021-03-11,PART_2,2
664,ec7ccc46-dc28-407b-b067-3e1bdec74b03,2021-03-11,PART_3,4
665,ec7ccc46-dc28-407b-b067-3e1bdec74b03,2021-03-12,PART_1,1
666,ec7ccc46-dc28-407b-b067-3e1bdec74b03,2021-03-12,PART_2,1
667,ec7ccc46-dc28-407b-b067-3e1bdec74b03,2021-03-13,PART_4,1
668,ec7ccc46-dc28-407b-b067-3e1bdec74b03,2021-03-14,PART_1,1
669,ec7ccc46-dc28-407b-b067-3e1bdec74b03,2021-03-14,PART_2,1
670,ec7ccc46-dc28-407b-b067-3e1bdec74b03,2021-03-14,PART_3,2
671,f39def2c-f526-4d19-8562-821fd0394be4,2021-04-03,PART_2,1
672,f39def2c-f526-4d19-8562-821fd0394be4,2021-04-03,PART_3,1
673,f39def2c-f526-4d19-8562-821fd0394be4,2021-04-04,PART_2,1
674,f39def2c-f526-4d19-8562-821fd0394be4,2021-04-04,PART_3,2
675,f39def2c-f526-4d19-8562-821fd0394be4,2021-04-05,PART_1,1
676,f39def2c-f526-4d19-8562-821fd0394be4,2021-04-05,PART_3,2
677,f39def2c-f526-4d19-8562-821fd0394be4,2021-04-06,PART_3,1
678,f39def2c-f526-4d19-8562-821fd0394be4,2021-04-07,PART_1,1
679,f39def2c-f526-4d19-8562-821fd0394be4,2021-04-07,PART_2,4
680,f39def2c-f526-4d19-8562-821fd0394be4,2021-04-08,PART_1,1
681,f39def2c-f526-4d19-8562-821fd0394be4,2021-04-08,PART_2,3
682,f39def2c-f526-4d19-8562-821fd0394be4,2021-04-08,PART_3,1
683,f39def2c-f526-4d19-8562-821fd0394be4,2021-04-09,PART_1,2
684,f39def2c-f526-4d19-8562-821fd0394be4,2021-04-10,PART_1,1
685,f82c37c5-7678-4c82-9ddd-427ac0abd9d7,2021-05-20,PART_3,1
686,f82c37c5-7678-4c82-9ddd-427ac0abd9d7,2021-05-22,PART_3,1
687,f856f324-d9f5-4fee-b92d-88efe586bc22,2021-04-26,PART_1,1
688,f856f324-d9f5-4fee-b92d-88efe586bc22,2021-04-26,PART_3,1
689,f856f324-d9f5-4fee-b92d-88efe586bc22,2021-04-26,PART_4,1
690,f856f324-d9f5-4fee-b92d-88efe586bc22,2021-04-27,PART_2,2
691,f856f324-d9f5-4fee-b92d-88efe586bc22,2021-04-27,PART_3,1
692,f856f324-d9f5-4fee-b92d-88efe586bc22,2021-05-04,PART_1,1
693,f856f324-d9f5-4fee-b92d-88efe586bc22,2021-05-04,PART_2,1
694,f856f324-d9f5-4fee-b92d-88efe586bc22,2021-05-04,PART_3,3
695,f856f324-d9f5-4fee-b92d-88efe586bc22,2021-05-08,PART_4,1
696,f856f324-d9f5-4fee-b92d-88efe586bc22,2021-05-09,PART_1,2
697,f856f324-d9f5-4fee-b92d-88efe586bc22,2021-05-09,PART_2,2
698,f856f324-d9f5-4fee-b92d-88efe586bc22,2021-05-09,PART_3,1
699,f856f324-d9f5-4fee-b92d-88efe586bc22,2021-05-21,PART_2,1
700,f856f324-d9f5-4fee-b92d-88efe586bc22,2021-05-23,PART_2,3
701,f856f324-d9f5-4fee-b92d-88efe586bc22,2021-05-23,PART_3,1
702,f856f324-d9f5-4fee-b92d-88efe586bc22,2021-05-24,PART_1,1
703,f856f324-d9f5-4fee-b92d-88efe586bc22,2021-05-24,PART_3,1
704,f856f324-d9f5-4fee-b92d-88efe586bc22,2021-05-26,PART_1,1
705,f8ca21ce-9050-4b63-9e01-eb10dcd032a6,2021-04-05,PART_1,1
706,f8ca21ce-9050-4b63-9e01-eb10dcd032a6,2021-04-06,PART_2,1
707,f8ca21ce-9050-4b63-9e01-eb10dcd032a6,2021-04-07,PART_2,1
708,f8ca21ce-9050-4b63-9e01-eb10dcd032a6,2021-04-09,PART_2,1
709,f8ca21ce-9050-4b63-9e01-eb10dcd032a6,2021-04-10,PART_3,1
710,f9765c67-7aff-4a15-be88-36b0c7577fd0,2021-06-02,PART_1,2
711,f9765c67-7aff-4a15-be88-36b0c7577fd0,2021-06-02,PART_2,5
712,f9765c67-7aff-4a15-be88-36b0c7577fd0,2021-06-02,PART_3,1
713,f9765c67-7aff-4a15-be88-36b0c7577fd0,2021-06-03,PART_1,2
714,f9765c67-7aff-4a15-be88-36b0c7577fd0,2021-06-03,PART_2,2
715,f9765c67-7aff-4a15-be88-36b0c7577fd0,2021-06-03,PART_3,3
716,f9765c67-7aff-4a15-be88-36b0c7577fd0,2021-06-04,PART_2,1
717,f9765c67-7aff-4a15-be88-36b0c7577fd0,2021-06-05,PART_1,1
718,f9765c67-7aff-4a15-be88-36b0c7577fd0,2021-06-06,PART_1,2
719,f9765c67-7aff-4a15-be88-36b0c7577fd0,2021-06-06,PART_2,2
720,f9765c67-7aff-4a15-be88-36b0c7577fd0,2021-06-06,PART_3,4
721,f9765c67-7aff-4a15-be88-36b0c7577fd0,2021-06-07,PART_2,1
722,f9882fcd-51b6-4c7f-9fbc-44a055fe15a3,2021-04-01,PART_2,4
723,f9882fcd-51b6-4c7f-9fbc-44a055fe15a3,2021-04-01,PART_3,1
724,f9882fcd-51b6-4c7f-9fbc-44a055fe15a3,2021-04-02,PART_1,1
725,f9882fcd-51b6-4c7f-9fbc-44a055fe15a3,2021-04-04,PART_3,1
726,f9882fcd-51b6-4c7f-9fbc-44a055fe15a3,2021-04-05,PART_2,1
727,f9882fcd-51b6-4c7f-9fbc-44a055fe15a3,2021-04-06,PART_1,1
728,f9882fcd-51b6-4c7f-9fbc-44a055fe15a3,2021-04-07,PART_2,3
729,f9882fcd-51b6-4c7f-9fbc-44a055fe15a3,2021-04-07,PART_3,1
730,f9882fcd-51b6-4c7f-9fbc-44a055fe15a3,2021-04-08,PART_1,1
731,fc956b51-2108-4081-b863-036167f5f524,2021-05-30,PART_2,1
732,fc956b51-2108-4081-b863-036167f5f524,2021-05-30,PART_3,1
733,fc956b51-2108-4081-b863-036167f5f524,2021-05-31,PART_2,1
734,fc956b51-2108-4081-b863-036167f5f524,2021-06-01,PART_2,1
735,fc956b51-2108-4081-b863-036167f5f524,2021-06-01,PART_3,3
736,fc956b51-2108-4081-b863-036167f5f524,2021-06-02,PART_2,3
737,fc956b51-2108-4081-b863-036167f5f524,2021-06-02,PART_3,1
738,fc956b51-2108-4081-b863-036167f5f524,2021-06-03,PART_2,3
739,fc956b51-2108-4081-b863-036167f5f524,2021-06-03,PART_3,1
740,fc956b51-2108-4081-b863-036167f5f524,2021-06-04,PART_1,1
741,fc956b51-2108-4081-b863-036167f5f524,2021-06-06,PART_2,1
742,fc956b51-2108-4081-b863-036167f5f524,2021-06-07,PART_1,1
743,fc956b51-2108-4081-b863-036167f5f524,2021-06-07,PART_2,1
744,fe081513-1e2d-4f58-bb2c-4dfe5626e537,2021-04-11,PART_2,1
745,fe081513-1e2d-4f58-bb2c-4dfe5626e537,2021-04-11,PART_3,5
746,fe081513-1e2d-4f58-bb2c-4dfe5626e537,2021-04-12,PART_1,1
747,fe081513-1e2d-4f58-bb2c-4dfe5626e537,2021-04-12,PART_2,4
748,fe081513-1e2d-4f58-bb2c-4dfe5626e537,2021-04-12,PART_3,2
749,fe081513-1e2d-4f58-bb2c-4dfe5626e537,2021-04-13,PART_2,2
750,fe081513-1e2d-4f58-bb2c-4dfe5626e537,2021-04-13,PART_3,1
751,fe081513-1e2d-4f58-bb2c-4dfe5626e537,2021-04-14,PART_3,1
752,fe081513-1e2d-4f58-bb2c-4dfe5626e537,2021-04-15,PART_2,2
753,fe081513-1e2d-4f58-bb2c-4dfe5626e537,2021-04-16,PART_2,2
754,fe081513-1e2d-4f58-bb2c-4dfe5626e537,2021-04-18,PART_2,3
755,fe081513-1e2d-4f58-bb2c-4dfe5626e537,2021-04-18,PART_3,3
756,fe081513-1e2d-4f58-bb2c-4dfe5626e537,2021-04-19,PART_2,2
757,fe081513-1e2d-4f58-bb2c-4dfe5626e537,2021-04-19,PART_3,3
758,fe081513-1e2d-4f58-bb2c-4dfe5626e537,2021-04-20,PART_1,1
